timestamp,rss,heapUsed,heapTotal,external,cpuUser,cpuSystem,cpus
1783754778212,108433408,34274472,69795840,21753599,0,0,8
1783754779217,109543424,38209576,70057984,21900968,0,0,8
1783754780221,109555712,38305672,70057984,21901241,0,0,8
1783754781233,109830144,38493728,70057984,21926545,0,0,8
1783754782233,109895680,38572704,70057984,21926623,0,0,8
1783754783247,109895680,38619272,70057984,21926663,0,0,8
1783754784249,109895680,38666992,70057984,21926663,0,0,8
1783754785253,109899776,38720960,70057984,21926703,0,0,8
1783754786258,88887296,33032232,36241408,21792714,0,0,8
1783754787263,88965120,33116080,36241408,21792754,0,0,8
1783754788273,89149440,33263224,36503552,21792754,0,0,8
1783754789284,89903104,33934000,36503552,21824896,0,0,8
1783754790286,91414528,33819488,39649280,21801392,0,0,8
1783754791287,91480064,33866632,39649280,21801432,0,0,8
1783754792301,91545600,33911240,39649280,21801432,0,0,8
1783754793315,90148864,33970456,39649280,21801472,0,0,8
1783754794330,91914240,35609664,40173568,21801536,0,0,8
1783754795344,91303936,34565464,37552128,21801576,0,0,8
1783754796357,91303936,34609768,37552128,21801576,0,0,8
1783754797358,91303936,34659760,37552128,21800946,0,0,8
1783754798369,91271168,34801664,37552128,21811412,0,0,8
1783754799373,91377664,35057360,37552128,21815976,0,0,8
1783754800391,91455488,35116120,37552128,21815976,0,0,8
1783754801402,91975680,34637936,37552128,21816016,0,0,8
1783754802402,91320320,34682624,37552128,21816016,0,0,8
1783754803427,91033600,34728352,37552128,21809138,0,0,8
1783754804436,91033600,34776640,37552128,21809138,0,0,8
1783754805447,91033600,34822608,37552128,21809178,0,0,8
1783754806462,91033600,34867288,37552128,21809178,0,0,8
1783754807464,91033600,34913256,37552128,21809218,0,0,8
1783754808466,91250688,35065776,37552128,21819684,0,0,8
1783754809473,91152384,35353056,37552128,21824248,0,0,8
1783754810480,91152384,35399264,37552128,21824248,0,0,8
1783754811484,91152384,35448280,37552128,21824288,0,0,8
1783754812493,91168768,34770464,38600704,21832480,0,0,8
1783754813502,91283456,34818960,38600704,21825522,0,0,8
1783754814511,91283456,34863816,38600704,21825522,0,0,8
1783754815525,91283456,34909776,38600704,21825562,0,0,8
1783754816531,91283456,34955192,38600704,21825562,0,0,8
1783754817532,91283456,35021336,38600704,21825602,0,0,8
1783754818541,91283456,35161656,38600704,21827876,0,0,8
1783754819555,91283456,35390472,38600704,21840632,0,0,8
1783754820555,92246016,35328888,37814272,21827239,0,0,8
1783754821560,92246016,35375808,37814272,21827279,0,0,8
1783754822569,92246016,35420168,37814272,21827279,0,0,8
1783754823580,92246016,35466984,37814272,21827319,0,0,8
1783754824583,92246016,35511096,37814272,21835511,0,0,8
1783754825591,92246016,35557376,37814272,21835551,0,0,8
1783754826598,91533312,34962360,37814272,21835551,0,0,8
1783754827612,92102656,36020304,38338560,21835256,0,0,8
1783754828633,91783168,36010072,38338560,21844766,0,0,8
1783754829633,93614080,37592648,40697856,21986287,0,0,8
1783754830643,93691904,37874856,39911424,22011230,0,0,8
1783754831656,93691904,37926720,39911424,22011270,0,0,8
1783754832660,93691904,37976960,39911424,22011270,0,0,8
1783754833663,93605888,37863360,41222144,22012274,0,0,8
1783754834664,93614080,37919512,41222144,22012274,0,0,8
1783754835666,94945280,37986552,41484288,22070713,0,0,8
1783754836666,94945280,38038696,41484288,22070713,0,0,8
1783754837675,94945280,38093232,41484288,22052985,0,0,8
1783754838676,98410496,39476608,44630016,22099568,0,0,8
1783754839676,97525760,39165720,44630016,22107192,0,0,8
1783754840681,97529856,39204464,44630016,22107192,0,0,8
1783754841687,97529856,39242544,44630016,22107232,0,0,8
1783754842693,97529856,39279080,44630016,22107232,0,0,8
1783754843700,98406400,40284248,43319296,22194647,0,0,8
1783754844714,98914304,36728312,45678592,21874073,0,0,8
1783754845719,98914304,36767728,45678592,21874113,0,0,8
1783754846731,99172352,36815192,45678592,21874113,0,0,8
1783754847736,99172352,37304984,45678592,21883476,0,0,8
1783754848741,98172928,37442904,45678592,21885750,0,0,8
1783754849746,98807808,37676024,45678592,21898506,0,0,8
1783754850747,99459072,38034896,45678592,21907200,0,0,8
1783754851757,100290560,38367720,45678592,21907976,0,0,8
1783754852769,100290560,38413712,45678592,21907976,0,0,8
1783754853784,99344384,36963888,42532864,21908079,0,0,8
1783754854789,99352576,37004088,42532864,21908079,0,0,8
1783754855803,99352576,37042392,42532864,21898494,0,0,8
1783754856812,99123200,37105096,42532864,21898494,0,0,8
1783754857825,99160064,37143352,42532864,21898534,0,0,8
1783754858834,99160064,37260832,42532864,21900808,0,0,8
1783754859848,99160064,37475584,42532864,21913564,0,0,8
1783754860857,99160064,37513280,42532864,21913564,0,0,8
1783754861867,99160064,37549728,42532864,21913604,0,0,8
1783754862878,99160064,37585680,42532864,21913604,0,0,8
1783754863890,99160064,37622184,42532864,21913644,0,0,8
1783754864890,99160064,37657272,42532864,21913644,0,0,8
1783754865903,99164160,37746152,42532864,21913824,0,0,8
1783754866914,99164160,37841464,42532864,21914218,0,0,8
1783754867919,99168256,37037536,42532864,21906819,0,0,8
1783754868928,99172352,37179168,42532864,21917285,0,0,8
1783754869937,99172352,37374352,42532864,21921849,0,0,8
1783754870951,99172352,37409984,42532864,21921849,0,0,8
1783754871958,99172352,37446680,42532864,21921889,0,0,8
1783754872961,99307520,37486632,42532864,21921889,0,0,8
1783754873971,99307520,37522824,42532864,21921929,0,0,8
1783754874986,90103808,38652096,42795008,22018244,0,0,8
1783754876002,90124288,38698720,43057152,22018284,0,0,8
1783754877014,90124288,38735184,43057152,22018284,0,0,8
1783754878028,89460736,38781856,43057152,22018324,0,0,8
1783754879042,89464832,38951664,43057152,22021754,0,0,8
1783754880055,91365376,38744840,43057152,22014714,0,0,8
1783754881065,91504640,39076312,43057152,22024624,0,0,8
1783754882072,91504640,39113544,43057152,22024664,0,0,8
1783754883075,91504640,39148568,43057152,22024664,0,0,8
1783754884077,90042368,38465904,43057152,22022914,0,0,8
1783754885082,90071040,39228680,43057152,22033018,0,0,8
1783754886087,90546176,39660656,43057152,22082842,0,0,8
1783754887100,90546176,39220504,44105728,22089377,0,0,8
1783754888100,90599424,39641928,44105728,22115683,0,0,8
1783754889115,90288128,39815480,44105728,22119106,0,0,8
1783754890127,90288128,39975112,44105728,22130713,0,0,8
1783754891141,90288128,40014496,44105728,22130713,0,0,8
1783754892149,90288128,40055784,44105728,22130753,0,0,8
1783754893157,90288128,40092528,44105728,22130753,0,0,8
1783754894162,90288128,40130136,44105728,22130793,0,0,8
1783754895177,90288128,40167824,44105728,22130793,0,0,8
1783754896189,89726976,40350640,43057152,22144805,0,0,8
1783754897191,90136576,40351096,43057152,22173366,0,0,8
1783754898200,90365952,40958712,43581440,22202106,0,0,8
1783754899206,90869760,41120512,44630016,22230269,0,0,8
1783754900208,91021312,41272880,44630016,22233708,0,0,8
1783754901221,91021312,41310472,44630016,22233708,0,0,8
1783754902226,91205632,41408504,43581440,22242580,0,0,8
1783754903234,91205632,41450224,43581440,22242580,0,0,8
1783754904244,91205632,41494680,43581440,22242627,0,0,8
1783754905244,91209728,40891696,43843584,22242627,0,0,8
1783754906248,91209728,40929360,43843584,22239180,0,0,8
1783754907255,91209728,40965992,43843584,22239180,0,0,8
1783754908262,91209728,41006840,43843584,22239220,0,0,8
1783754909274,91369472,41552208,45154304,22295917,0,0,8
1783754910276,91910144,41981536,45154304,22308050,0,0,8
1783754911281,90927104,41298752,44367872,22308050,0,0,8
1783754912292,90927104,41336472,44367872,22296624,0,0,8
1783754913299,90927104,41373768,44367872,22296624,0,0,8
1783754914303,90927104,41411352,44367872,22296664,0,0,8
1783754915315,90927104,41455824,44367872,22296664,0,0,8
1783754916320,90927104,41493552,44367872,22296704,0,0,8
1783754917324,91725824,41821992,44367872,22313577,0,0,8
1783754918336,91791360,41916304,44367872,22313847,0,0,8
1783754919338,91791360,42081896,44367872,22317246,0,0,8
1783754920339,91795456,41595536,44367872,22328877,0,0,8
1783754921339,91795456,41631952,44367872,22328877,0,0,8
1783754922345,91795456,41670496,44367872,22321207,0,0,8
1783754923359,91795456,41709472,44367872,22321207,0,0,8
1783754924371,91795456,41748064,44367872,22321247,0,0,8
1783754925375,91795456,41786896,44367872,22321247,0,0,8
1783754926388,91795456,41821920,44367872,22321287,0,0,8
1783754927392,91795456,41861392,44367872,22321287,0,0,8
1783754928399,91795456,41898800,44367872,22321327,0,0,8
1783754929399,91795456,42063256,44367872,22324733,0,0,8
1783754930411,91795456,42229656,44367872,22336364,0,0,8
1783754931423,91795456,42266568,44367872,22336364,0,0,8
1783754932435,91795456,42307512,44367872,22336404,0,0,8
1783754933450,91795456,41669008,44367872,22336404,0,0,8
1783754934465,91795456,41707616,44367872,22329406,0,0,8
1783754935473,91795456,41746904,44367872,22329406,0,0,8
1783754936480,91795456,41786232,44367872,22329446,0,0,8
1783754937493,91795456,41823808,44367872,22329446,0,0,8
1783754938504,91799552,41861464,44367872,22329486,0,0,8
1783754939505,91799552,42019176,44367872,22332885,0,0,8
1783754940517,92106752,42003560,44630016,22347468,0,0,8
1783754941519,92106752,42040664,44630016,22347468,0,0,8
1783754942521,92106752,42078136,44630016,22347508,0,0,8
1783754943536,92106752,42116080,44630016,22347548,0,0,8
1783754944549,92106752,42153160,44630016,22347548,0,0,8
1783754945563,92106752,42193024,44630016,22347588,0,0,8
1783754946577,92106752,42230208,44630016,22347588,0,0,8
1783754947586,92106752,42267736,44630016,22347628,0,0,8
1783754948599,91209728,42004728,45940736,22363385,0,0,8
1783754949600,91209728,42102656,45940736,22372742,0,0,8
1783754950607,91209728,42246504,45940736,22376141,0,0,8
1783754951612,92004352,42749776,44892160,22398102,0,0,8
1783754952626,92004352,42786672,44892160,22398102,0,0,8
1783754953640,92004352,42827448,44892160,22398142,0,0,8
1783754954654,92004352,42872256,44892160,22398149,0,0,8
1783754955665,92004352,42910824,44892160,22398189,0,0,8
1783754956668,92028928,42261336,45154304,22398189,0,0,8
1783754957668,92028928,42302976,45154304,22395100,0,0,8
1783754958668,91254784,42485648,45154304,22397374,0,0,8
1783754959673,91258880,42579584,45154304,22406731,0,0,8
1783754960674,91258880,42723152,45154304,22410130,0,0,8
1783754961678,91258880,42757648,45154304,22410170,0,0,8
1783754962688,91258880,42790656,45154304,22410170,0,0,8
1783754963696,91258880,42825984,45154304,22410210,0,0,8
1783754964702,91258880,42860856,45154304,22410210,0,0,8
1783754965705,91672576,42428656,45154304,22411844,0,0,8
1783754966718,91672576,42461936,45154304,22411844,0,0,8
1783754967723,91672576,42497192,45154304,22411884,0,0,8
1783754968738,91791360,42617344,45154304,22414158,0,0,8
1783754969753,91791360,42708904,45154304,22415323,0,0,8
1783754970760,91635712,42812824,45678592,22445229,0,0,8
1783754971761,91635712,42846968,45678592,22445269,0,0,8
1783754972760,91635712,42880688,45678592,22445269,0,0,8
1783754973774,91312128,42922032,45678592,22445309,0,0,8
1783754974780,91721728,43423808,45678592,22464314,0,0,8
1783754975784,93888512,36270008,50135040,21856963,1,0,8
1783754976787,93892608,36752072,50135040,21858603,0,0,8
1783754977802,93892608,36788016,50135040,21858643,0,0,8
1783754978809,94359552,37675368,50135040,21869879,0,0,8
1783754979811,94490624,37771856,50135040,21871044,0,0,8
1783754980813,94617600,37915800,50135040,21882635,0,0,8
1783754981824,94617600,37955152,50135040,21882675,0,0,8
1783754982829,93720576,36640336,46989312,21882675,0,0,8
1783754983831,93724672,36668328,46989312,21872835,0,0,8
1783754984831,72261632,33902056,38862848,21852956,0,0,8
1783754985845,72806400,33951432,38862848,21852996,0,0,8
1783754986856,72810496,33986152,38862848,21852996,0,0,8
1783754987860,72847360,34022120,38862848,21853036,0,0,8
1783754988861,72982528,34160464,38862848,21855310,0,0,8
1783754989866,73076736,34252160,38862848,21856475,0,0,8
1783754990870,73224192,34410600,38862848,21868066,0,0,8
1783754991873,73261056,34446368,38862848,21868106,0,0,8
1783754992875,66985984,34480344,38862848,21868106,0,0,8
1783754993874,66985984,34516832,38862848,21868146,0,0,8
1783754994876,67051520,34551064,38862848,21868146,0,0,8
1783754995882,67117056,34589824,38862848,21868186,0,0,8
1783754996886,67117056,34624128,38862848,21868186,0,0,8
1783754997901,67129344,34659600,38862848,21868226,0,0,8
1783754998906,67354624,33986304,38862848,21870500,0,0,8
1783754999909,67432448,34065488,38862848,21862313,0,0,8
1783755000920,67219456,34309616,38862848,21881174,0,0,8
1783755001923,67219456,34345112,38862848,21881214,0,0,8
1783755002924,67219456,34380304,38862848,21881214,0,0,8
1783755003931,67219456,34417904,38862848,21881254,0,0,8
1783755004937,67850240,34452992,38862848,21881254,0,0,8
1783755005943,67858432,34500440,38862848,21881294,0,0,8
1783755006956,67858432,34535440,38862848,21881294,0,0,8
1783755007971,67858432,34570832,38862848,21881334,0,0,8
1783755008973,67858432,34691840,38862848,21883608,0,0,8
1783755009986,67858432,34767512,38862848,21884773,0,0,8
1783755010999,67796992,34222864,38862848,21896364,0,0,8
1783755012000,67829760,34259264,38862848,21885764,0,0,8
1783755013004,67903488,34293520,38862848,21885764,0,0,8
1783755014011,67903488,34329680,38862848,21885804,0,0,8
1783755015025,67969024,34365280,38862848,21885804,0,0,8
1783755016039,67969024,34403704,38862848,21885844,0,0,8
1783755017042,67969024,34437880,38862848,21885844,0,0,8
1783755018052,67969024,34474344,38862848,21885884,0,0,8
1783755019217,71393280,36507272,40697856,23168864,0,0,8
1783755020224,74133504,37722408,40960000,23261698,0,0,8
1783755021230,74133504,37875176,40960000,23273289,0,0,8
1783755022243,74133504,37911336,40960000,23273329,0,0,8
1783755023243,74219520,37363424,40960000,23273329,0,0,8
1783755024245,74219520,37399744,40960000,23268625,0,0,8
1783755025252,74219520,37442320,40960000,23268625,0,0,8
1783755026262,74219520,37485152,40960000,23268665,0,0,8
1783755027265,74219520,37520176,40960000,23268665,0,0,8
1783755028280,74219520,37556040,40960000,23268705,0,0,8
1783755029293,74219520,37672576,40960000,23270979,0,0,8
1783755030299,75374592,38091912,41222144,23281963,0,0,8
1783755031301,74506240,37508248,41222144,23277902,0,0,8
1783755032304,74506240,37543856,41222144,23277942,0,0,8
1783755033304,74506240,37578136,41222144,23277942,0,0,8
1783755034307,74506240,37614584,41222144,23277982,0,0,8
1783755035310,74506240,37648816,41222144,23277982,0,0,8
1783755036314,73805824,37717680,41222144,23278022,0,0,8
1783755037317,73805824,37751120,41222144,23278022,0,0,8
1783755038319,73805824,37784160,41222144,23278062,0,0,8
1783755039323,73814016,37897080,41222144,23280336,0,0,8
1783755040326,73814016,38022864,41222144,23290818,0,0,8
1783755041338,73814016,38129704,41222144,23293092,0,0,8
1783755042339,73814016,38164520,41222144,23293132,0,0,8
1783755043342,73814016,37477848,41222144,23293132,0,0,8
1783755044355,73814016,37511800,41222144,23285009,0,0,8
1783755045361,73814016,37543392,41222144,23285009,0,0,8
1783755046367,73814016,37577288,41222144,23285049,0,0,8
1783755047368,73814016,37609000,41222144,23285049,0,0,8
1783755048381,73814016,37644872,41222144,23285089,0,0,8
1783755049384,73814016,37794992,41222144,23296680,0,0,8
1783755050388,73908224,37880464,41222144,23297845,0,0,8
1783755051400,73908224,37988040,41222144,23300119,0,0,8
1783755052401,73908224,38020960,41222144,23300159,0,0,8
1783755053414,73908224,38054976,41222144,23300159,0,0,8
1783755054427,73908224,38088032,41222144,23300199,0,0,8
1783755055429,73908224,38119768,41222144,23300199,0,0,8
1783755056442,73908224,38153576,41222144,23300239,0,0,8
1783755057456,73908224,38187384,41222144,23300239,0,0,8
1783755058458,73908224,38220968,41222144,23300279,0,0,8
1783755059473,73920512,37553272,42270720,23294286,0,0,8
1783755060488,74063872,37509552,41222144,23306542,0,0,8
1783755061490,74063872,37583832,41222144,23302478,0,0,8
1783755062502,74063872,37617528,41222144,23302518,0,0,8
1783755063503,74063872,37649176,41222144,23302518,0,0,8
1783755064508,74063872,37682904,41222144,23302558,0,0,8
1783755065514,74063872,37716336,41222144,23302558,0,0,8
1783755066520,74063872,37749592,41222144,23302598,0,0,8
1783755067523,74063872,37781992,41222144,23302598,0,0,8
1783755068526,74985472,37815144,41222144,23302638,0,0,8
1783755069529,74989568,37966448,41222144,23314229,0,0,8
1783755070541,74989568,38083824,41222144,23316543,0,0,8
1783755071553,74989568,38158200,41222144,23317668,0,0,8
1783755072555,74989568,38192024,41222144,23317708,0,0,8
1783755073564,74989568,38225296,41222144,23317708,0,0,8
1783755074618,74989568,38259480,41222144,23317748,0,0,8
1783755075582,74989568,38292008,41222144,23317748,0,0,8
1783755076585,74989568,37581304,41222144,23309585,0,0,8
1783755077589,63889408,37612704,41222144,23309585,0,0,8
1783755078596,48209920,37727440,41222144,23320091,0,0,8
1783755079609,48209920,37797552,41222144,23321216,0,0,8
1783755080609,48214016,37914416,41222144,23323530,0,0,8
1783755081623,48214016,37989984,41222144,23324655,0,0,8
1783755082635,48218112,38024184,41222144,23332887,0,0,8
1783755083640,48218112,38055752,41222144,23332887,0,0,8
1783755084638,48218112,38089440,41222144,23332927,0,0,8
1783755085641,48218112,38121176,41222144,23332927,0,0,8
1783755086641,48222208,38155664,41222144,23332967,0,0,8
1783755087655,48222208,38188416,41222144,23332967,0,0,8
1783755088656,48226304,38301960,41222144,23335281,0,0,8
1783755089662,48304128,37652424,41222144,23327054,0,0,8
1783755090662,48939008,38040296,41222144,23338062,0,0,8
1783755091665,48939008,38113536,41222144,23339187,0,0,8
1783755092670,48939008,38147312,41222144,23339227,0,0,8
1783755093682,48939008,38181024,41222144,23339227,0,0,8
1783755094682,49172480,38222400,41222144,23339267,0,0,8
1783755095682,49172480,38254136,41222144,23339267,0,0,8
1783755096684,49172480,38288000,41222144,23339307,0,0,8
1783755097698,49172480,38319712,41222144,23339307,0,0,8
1783755098698,49217536,37626424,41222144,23327078,0,0,8
1783755099700,49692672,37710648,41222144,23328203,0,0,8
1783755100701,49696768,37826736,41222144,23338709,0,0,8
1783755101703,49696768,37901040,41222144,23339834,0,0,8
1783755102705,49696768,37935008,41222144,23339874,0,0,8
1783755103706,49696768,37966720,41222144,23339874,0,0,8
1783755104718,49696768,38002544,41222144,23339914,0,0,8
1783755105721,49696768,38034472,41222144,23339914,0,0,8
1783755106723,49696768,38067488,41222144,23339954,0,0,8
1783755107735,49696768,38099944,41222144,23339954,0,0,8
1783755108749,49696768,38213768,41222144,23342268,0,0,8
1783755109762,49696768,38286304,41222144,23343393,0,0,8
1783755110764,49762304,37651752,41222144,23353899,0,0,8
1783755111778,49762304,37726296,41222144,23343438,0,0,8
1783755112781,49766400,37756816,41222144,23343478,0,0,8
1783755113794,49766400,37788608,41222144,23343478,0,0,8
1783755114802,49766400,37822456,41222144,23343518,0,0,8
1783755115817,49766400,37855760,41222144,23343518,0,0,8
1783755116818,49766400,37889320,41222144,23343558,0,0,8
1783755117833,49766400,37921304,41222144,23343558,0,0,8
1783755118837,49766400,38034592,41222144,23345872,0,0,8
1783755119839,49766400,38106792,41222144,23355189,0,0,8
1783755120843,49569792,38087888,41222144,23354537,0,0,8
1783755121854,49569792,38160976,41222144,23355662,0,0,8
1783755122857,49569792,38193816,41222144,23355702,0,0,8
1783755123867,49569792,38226432,41222144,23355702,0,0,8
1783755124870,49569792,38259472,41222144,23355742,0,0,8
1783755125871,49569792,38293576,41222144,23355742,0,0,8
1783755126876,49569792,38326664,41222144,23355782,0,0,8
1783755127880,49569792,38358224,41222144,23355782,0,0,8
1783755128887,49606656,37707928,41222144,23351654,0,0,8
1783755129889,49606656,37778320,41222144,23352779,0,0,8
1783755130892,49606656,37895864,41222144,23363285,0,0,8
1783755131896,49606656,37971808,41222144,23364410,0,0,8
1783755132904,49606656,38004920,41222144,23364450,0,0,8
1783755133910,49606656,38037488,41222144,23364450,0,0,8
1783755134910,49606656,38072016,41222144,23364490,0,0,8
1783755135914,49606656,38104464,41222144,23364490,0,0,8
1783755136918,49606656,38137240,41222144,23364530,0,0,8
1783755137923,49606656,38168952,41222144,23364530,0,0,8
1783755138931,49606656,38283880,41222144,23366844,0,0,8
1783755139931,49606656,38354360,41222144,23376161,0,0,8
1783755140938,49840128,38408752,41222144,23376201,0,0,8
1783755141944,49852416,37806536,41222144,23369163,0,0,8
1783755142949,49852416,37839624,41222144,23369203,0,0,8
1783755143956,49852416,37872192,41222144,23369203,0,0,8
1783755144965,49852416,37905320,41222144,23369243,0,0,8
1783755145968,49852416,37938568,41222144,23369243,0,0,8
1783755147014,49852416,37972128,41222144,23369283,0,0,8
1783755148014,49852416,38003944,41222144,23369283,0,0,8
1783755149015,49852416,38118952,41222144,23379789,0,0,8
1783755150015,50102272,38306360,41222144,23380930,0,0,8
1783755151022,40869888,37819936,41484288,23368054,0,0,8
1783755152028,40869888,37928256,41484288,23378520,0,0,8
1783755153041,40869888,37961208,41484288,23378560,0,0,8
1783755154041,40869888,37993992,41484288,23378560,0,0,8
1783755155055,40869888,38027088,41484288,23378600,0,0,8
1783755156056,39841792,38066944,41484288,23378600,0,0,8
1783755157056,39841792,38099784,41484288,23378640,0,0,8
1783755158066,39841792,38131112,41484288,23378640,0,0,8
1783755159075,39854080,38243848,41484288,23380954,0,0,8
1783755160077,34861056,38314056,41484288,23382079,0,0,8
1783755161091,31068160,38368352,41484288,23382119,0,0,8
1783755162101,31207424,37761584,41484288,23393710,0,0,8
1783755163128,29310976,37794520,41484288,23383313,0,0,8
1783755164148,29319168,37821928,41484288,23383313,0,0,8
1783755165154,29323264,37853824,41484288,23383353,0,0,8
1783755166157,29323264,37884792,41484288,23383353,0,0,8
1783755167173,29327360,37914848,41484288,23383393,0,0,8
1783755168186,29327360,37948232,41484288,23383393,0,0,8
1783755169186,29343744,38061760,41484288,23385707,0,0,8
1783755170199,30023680,38133408,41484288,23386832,0,0,8
1783755171212,31363072,38188008,41484288,23395064,0,0,8
1783755172226,30740480,38362648,41484288,23398463,0,0,8
1783755173239,30740480,38396040,41484288,23398503,0,0,8
1783755174253,30740480,38427752,41484288,23398503,0,0,8
1783755175262,30740480,38462800,41484288,23398543,0,0,8
1783755176270,30740480,38493712,41484288,23398543,0,0,8
1783755177284,25473024,38527608,41484288,23398583,0,0,8
1783755178298,25620480,37811088,41484288,23398583,0,0,8
1783755179299,25735168,37924136,41484288,23385587,0,0,8
1783755180313,30072832,37821560,41484288,23396654,0,0,8
1783755181313,30191616,37937992,41484288,23401947,0,0,8
1783755182326,30248960,38012016,41484288,23403096,0,0,8
1783755183327,30253056,38045176,41484288,23403136,0,0,8
1783755184340,30253056,38076472,41484288,23403136,0,0,8
1783755185355,30253056,38111056,41484288,23403176,0,0,8
1783755186479,30253056,38142784,41484288,23403176,0,0,8
1783755187479,30253056,38172672,41484288,23403216,0,0,8
1783755188481,30257152,38203832,41484288,23403216,0,0,8
1783755189481,30265344,38355848,41484288,23406655,0,0,8
1783755190483,30265344,38387312,41484288,23406655,0,0,8
1783755191487,30298112,38543864,41484288,23418286,0,0,8
1783755192500,30326784,37832792,41484288,23418286,0,0,8
1783755193512,30326784,37865528,41484288,23407889,0,0,8
1783755194527,30371840,37901376,41484288,23407889,0,0,8
1783755195529,30375936,37933936,41484288,23407929,0,0,8
1783755196532,30375936,37966088,41484288,23407929,0,0,8
1783755197532,30375936,37998768,41484288,23407969,0,0,8
1783755198532,30375936,38030296,41484288,23407969,0,0,8
1783755199534,30384128,38143096,41484288,23410283,0,0,8
1783755200550,30388224,38214640,41484288,23411408,0,0,8
1783755201551,30388224,38371480,41484288,23423039,0,0,8
1783755202557,30388224,38402080,41484288,23423039,0,0,8
1783755203566,30388224,38434792,41484288,23423079,0,0,8
1783755204579,30392320,38469008,41484288,23423079,0,0,8
1783755205585,30392320,38501632,41484288,23423119,0,0,8
1783755206590,30392320,38534000,41484288,23423119,0,0,8
1783755207593,30392320,38566728,41484288,23423159,0,0,8
1783755208598,30457856,37856136,41484288,23423159,0,0,8
1783755209598,30466048,38010456,41484288,23419480,0,0,8
1783755210609,32182272,38321776,41484288,23419982,0,0,8
1783755211622,32194560,38478976,41484288,23431613,0,0,8
1783755212635,32198656,38510440,41484288,23431613,0,0,8
1783755213637,32202752,38543856,41484288,23431653,0,0,8
1783755214637,32202752,38575208,41484288,23431653,0,0,8
1783755215639,32202752,38607864,41484288,23431693,0,0,8
1783755216641,31305728,37894952,41484288,23431693,0,0,8
1783755217643,31305728,37927464,41484288,23424273,0,0,8
1783755218648,31305728,37959248,41484288,23424273,0,0,8
1783755219654,31305728,38109640,41484288,23427712,0,0,8
1783755220658,31305728,38140912,41484288,23427712,0,0,8
1783755221660,31309824,38296832,41484288,23439343,0,0,8
1783755222661,31309824,38330472,41484288,23439343,0,0,8
1783755223675,31313920,38363896,41484288,23439383,0,0,8
1783755224682,31313920,38395360,41484288,23439383,0,0,8
1783755225687,31313920,38428920,41484288,23439423,0,0,8
1783755226689,31313920,38459912,41484288,23439423,0,0,8
1783755227690,31313920,38492568,41484288,23439463,0,0,8
1783755228699,31318016,38603688,41484288,23441737,0,0,8
1783755229704,31338496,37889472,41484288,23441777,0,0,8
1783755230716,31338496,37960448,41484288,23433550,0,0,8
1783755231718,31338496,38116128,41484288,23445181,0,0,8
1783755232721,31338496,38147568,41484288,23445181,0,0,8
1783755233724,31338496,38181080,41484288,23445221,0,0,8
1783755234739,31342592,38214552,41484288,23445221,0,0,8
1783755235739,31342592,38248088,41484288,23445261,0,0,8
1783755236740,31342592,38279552,41484288,23445261,0,0,8
1783755237741,31342592,38313168,41484288,23445301,0,0,8
1783755238744,31342592,38382760,41484288,23446426,0,0,8
1783755239748,31354880,38493712,41484288,23448740,0,0,8
1783755240754,32903168,38301584,41484288,23450527,0,0,8
1783755241766,32907264,38456872,41484288,23462158,0,0,8
1783755242770,32907264,38489024,41484288,23462158,0,0,8
1783755243775,32907264,38521840,41484288,23462198,0,0,8
1783755244784,32907264,38555784,41484288,23462198,0,0,8
1783755245786,32907264,38588440,41484288,23462238,0,0,8
1783755246794,32907264,38619784,41484288,23462238,0,0,8
1783755247800,32907264,38653296,41484288,23462278,0,0,8
1783755248805,31920128,38017272,42532864,23459275,0,0,8
1783755249820,31924224,38089256,42532864,23460440,0,0,8
1783755250834,31981568,38124024,42532864,23460440,0,0,8
1783755251847,32169984,38284280,42532864,23472071,0,0,8
1783755252859,32169984,38316016,42532864,23472071,0,0,8
1783755253874,32169984,38351456,42532864,23472111,0,0,8
1783755254881,32169984,38384248,42532864,23472111,0,0,8
1783755255883,32169984,38417640,42532864,23472151,0,0,8
1783755256886,32169984,38449080,42532864,23472151,0,0,8
1783755257888,32169984,38481736,42532864,23472191,0,0,8
1783755259040,32174080,38592728,42532864,23474465,0,0,8
1783755260048,32174080,38665792,42532864,23475630,0,0,8
1783755261049,32174080,38697232,42532864,23475630,0,0,8
1783755262049,32235520,38137808,41484288,23476784,0,0,8
1783755263051,32235520,38169440,41484288,23476784,0,0,8
1783755264053,32239616,38202784,41484288,23476824,0,0,8
1783755265056,32239616,38234296,41484288,23476824,0,0,8
1783755266056,32239616,38266784,41484288,23476864,0,0,8
1783755267060,32239616,38300616,41484288,23476864,0,0,8
1783755268062,32239616,38333488,41484288,23476904,0,0,8
1783755269066,32239616,38444664,41484288,23479178,0,0,8
1783755270078,32505856,38682400,41484288,23488551,0,0,8
1783755271084,32575488,38082136,41484288,23473668,0,0,8
1783755272085,32878592,38243816,41484288,23477067,0,0,8
1783755273086,32878592,38276352,41484288,23477107,0,0,8
1783755274094,32878592,38310232,41484288,23477107,0,0,8
1783755275102,32878592,38342888,41484288,23477147,0,0,8
1783755276114,32878592,38374328,41484288,23477147,0,0,8
1783755277125,32878592,38407888,41484288,23477187,0,0,8
1783755278130,32878592,38439496,41484288,23477187,0,0,8
1783755279138,32890880,38553960,41484288,23487693,0,0,8
1783755280148,32890880,38623928,41484288,23488818,0,0,8
1783755281154,32890880,38658144,41484288,23488858,0,0,8
1783755282153,32948224,38063152,41484288,23474534,0,0,8
1783755283156,32948224,38096128,41484288,23482766,0,0,8
1783755284158,32948224,38128280,41484288,23482766,0,0,8
1783755285161,32948224,38160792,41484288,23482806,0,0,8
1783755286170,32948224,38192528,41484288,23482806,0,0,8
1783755287169,32948224,38227432,41484288,23482846,0,0,8
1783755288173,32210944,38258728,41484288,23482846,0,0,8
1783755289179,31858688,38377192,41484288,23485160,0,0,8
1783755290197,31858688,38446096,41484288,23486285,0,0,8
1783755291205,31862784,38474424,41484288,23486325,0,0,8
1783755292214,31870976,38592456,41484288,23488599,0,0,8
1783755293216,31870976,38653704,41484288,23497956,0,0,8
1783755294231,31875072,38680520,41484288,23497956,0,0,8
1783755295237,31875072,38705960,41484288,23497996,0,0,8
1783755296241,31875072,38737408,41484288,23497996,0,0,8
1783755297247,31653888,38772512,41484288,23498036,0,0,8
1783755298395,34443264,38143104,41484288,23498036,0,0,8
1783755299394,35225600,38580376,41484288,23483955,0,0,8
1783755300407,34422784,38602184,41484288,23491487,0,0,8
1783755301407,34422784,38635496,41484288,23491527,0,0,8
1783755302418,34779136,38808224,41484288,23503118,0,0,8
1783755303431,34787328,38840704,41484288,23503158,0,0,8
1783755304434,35278848,38272936,41746432,23503158,0,0,8
1783755305442,35278848,38309696,41746432,23498001,0,0,8
1783755306444,35278848,38341936,41746432,23498001,0,0,8
1783755307458,35278848,38374696,41746432,23498041,0,0,8
1783755308472,35278848,38407104,41746432,23498041,0,0,8
1783755309476,35282944,38520968,41746432,23500355,0,0,8
1783755310481,35282944,38593232,41746432,23501480,0,0,8
1783755311485,35282944,38625744,41746432,23501520,0,0,8
1783755312497,35282944,38778904,41746432,23513111,0,0,8
1783755313510,35282944,38812320,41746432,23513151,0,0,8
1783755314510,35282944,38845416,41746432,23513151,0,0,8
1783755315513,35282944,38878928,41746432,23513191,0,0,8
1783755316522,35282944,38910416,41746432,23513191,0,0,8
1783755317522,35282944,38945464,41746432,23513231,0,0,8
1783755318536,35287040,38976928,41746432,23513231,0,0,8
1783755319540,35311616,38386120,41746432,23507318,0,0,8
1783755320545,35311616,38418272,41746432,23507318,0,0,8
1783755321553,35311616,38451144,41746432,23507358,0,0,8
1783755322560,35311616,38606544,41746432,23518949,0,0,8
1783755323567,35311616,38639056,41746432,23518989,0,0,8
1783755324579,35311616,38670544,41746432,23518989,0,0,8
1783755325586,35311616,38703888,41746432,23519029,0,0,8
1783755326589,35311616,38735512,41746432,23519029,0,0,8
1783755327590,35311616,38768736,41746432,23519069,0,0,8
1783755328591,35311616,38837704,41746432,23520194,0,0,8
1783755329591,35315712,38951464,41746432,23522508,0,0,8
1783755330591,35737600,38514224,41746432,23523023,0,0,8
1783755331596,35737600,38546928,41746432,23523063,0,0,8
1783755332599,35737600,38669200,41746432,23525337,0,0,8
1783755333611,35737600,38733520,41746432,23526502,0,0,8
1783755334616,35737600,38765480,41746432,23526502,0,0,8
1783755335631,35737600,38798048,41746432,23526542,0,0,8
1783755336645,35737600,38831464,41746432,23526542,0,0,8
1783755337650,35737600,38864808,41746432,23526582,0,0,8
1783755338652,35737600,38934456,41746432,23527707,0,0,8
1783755339659,35741696,39047592,41746432,23538213,0,0,8
1783755340671,35741696,39079056,41746432,23538213,0,0,8
1783755341679,35786752,38336768,41746432,23522577,0,0,8
1783755342683,35786752,38491128,41746432,23525976,0,0,8
1783755343693,35786752,38523808,41746432,23526016,0,0,8
1783755344707,35786752,38556120,41746432,23526016,0,0,8
1783755345715,35786752,38588656,41746432,23526056,0,0,8
1783755346725,35786752,38620096,41746432,23526056,0,0,8
1783755347736,35786752,38653440,41746432,23526096,0,0,8
1783755348746,35790848,38725120,41746432,23535413,0,0,8
1783755349758,35794944,38837920,41746432,23537727,0,0,8
1783755350764,35794944,38869384,41746432,23537727,0,0,8
1783755351772,35794944,38902304,41746432,23537767,0,0,8
1783755352775,35332096,39076096,41746432,23541166,0,0,8
1783755353788,35332096,39109024,41746432,23549398,0,0,8
1783755354789,35368960,38399344,41746432,23549398,0,0,8
1783755355795,35368960,38432024,41746432,23530769,0,0,8
1783755356800,35368960,38463984,41746432,23530769,0,0,8
1783755357806,35368960,38496688,41746432,23530809,0,0,8
1783755358808,35373056,38566448,41746432,23531934,0,0,8
1783755359822,35373056,38678336,41746432,23534248,0,0,8
1783755360823,35721216,38441696,41746432,23539164,0,0,8
1783755361826,35721216,38476048,41746432,23539204,0,0,8
1783755362833,35307520,38641520,41746432,23542603,0,0,8
1783755363840,35307520,38674272,41746432,23542643,0,0,8
1783755364848,35307520,38706592,41746432,23542643,0,0,8
1783755365856,35307520,38739272,41746432,23542683,0,0,8
1783755366866,35307520,38770784,41746432,23542683,0,0,8
1783755367875,35307520,38804320,41746432,23542723,0,0,8
1783755368878,36130816,38916368,41746432,23553189,0,0,8
1783755369883,36134912,38987984,41746432,23554354,0,0,8
1783755370896,36134912,39019672,41746432,23554354,0,0,8
1783755371896,36134912,39052960,41746432,23554394,0,0,8
1783755372909,36814848,38472272,42795008,23548238,0,0,8
1783755373910,44568576,39125008,42008576,23584105,0,0,8
1783755374919,44568576,39158296,42008576,23584105,0,0,8
1783755375932,44568576,39192080,42008576,23584145,0,0,8
1783755376936,44568576,39225392,42008576,23584145,0,0,8
1783755377940,44568576,39258848,42008576,23584185,0,0,8
1783755378942,43573248,38805104,42008576,23586459,0,0,8
1783755379942,43573248,38878496,42008576,23583997,0,0,8
1783755380955,43069440,38910736,42008576,23583997,0,0,8
1783755381956,43069440,38945160,42008576,23584037,0,0,8
1783755382969,43069440,39101168,42008576,23595628,0,0,8
1783755383971,43069440,39133848,42008576,23595668,0,0,8
1783755384984,43069440,39165280,42008576,23595668,0,0,8
1783755385993,43069440,39198456,42008576,23595708,0,0,8
1783755386998,43069440,39230784,42008576,23595708,0,0,8
1783755388000,43069440,39264512,42008576,23595748,0,0,8
1783755389000,43069440,39335456,42008576,23596873,0,0,8
1783755390011,43470848,39535824,42008576,23599187,0,0,8
1783755391015,44462080,39172280,42270720,23599718,0,0,8
1783755392030,44462080,39205208,42270720,23599758,0,0,8
1783755393030,44462080,39360840,42270720,23603157,0,0,8
1783755394032,44462080,39393736,42270720,23603197,0,0,8
1783755395046,44462080,39426088,42270720,23603197,0,0,8
1783755396046,44462080,39458296,42270720,23603237,0,0,8
1783755397059,44462080,39490176,42270720,23603237,0,0,8
1783755398059,44462080,39525224,42270720,23603277,0,0,8
1783755399063,44462080,39635520,42270720,23613743,0,0,8
1783755400064,43737088,38946768,42270720,23608573,0,0,8
1783755401075,43806720,38978288,42270720,23608573,0,0,8
1783755402090,43675648,39011880,42270720,23608613,0,0,8
1783755403090,44228608,39172128,42270720,23612012,0,0,8
1783755404092,44228608,39205688,42270720,23620244,0,0,8
1783755405102,44228608,39237016,42270720,23620244,0,0,8
1783755406102,44228608,39269776,42270720,23620284,0,0,8
1783755407116,44228608,39302128,42270720,23620284,0,0,8
1783755408128,44232704,39336656,42270720,23620324,0,0,8
1783755409140,44232704,39447320,42270720,23622598,0,0,8
1783755410140,44236800,39518008,42270720,23623763,0,0,8
1783755411144,44236800,39550328,42270720,23623763,0,0,8
1783755412147,44236800,39584808,42270720,23623803,0,0,8
1783755413157,44257280,38990168,42270720,23626066,0,0,8
1783755414161,44257280,39023392,42270720,23626106,0,0,8
1783755415161,44257280,39054712,42270720,23626106,0,0,8
1783755416168,44257280,39087488,42270720,23626146,0,0,8
1783755417170,44257280,39120792,42270720,23626146,0,0,8
1783755418171,44257280,39154352,42270720,23626186,0,0,8
1783755419171,44261376,39264144,42270720,23628460,0,0,8
1783755420181,44130304,39199896,42270720,23633459,0,0,8
1783755421188,44130304,39232264,42270720,23633459,0,0,8
1783755422219,44130304,39266344,42270720,23633499,0,0,8
1783755423218,44130304,39417832,42270720,23645090,0,0,8
1783755424232,44130304,39450952,42270720,23645130,0,0,8
1783755425237,44130304,39484616,42270720,23645130,0,0,8
1783755426242,44130304,39517272,42270720,23645170,0,0,8
1783755427255,44130304,39549840,42270720,23645170,0,0,8
1783755428258,44130304,39582496,42270720,23645210,0,0,8
1783755429273,44130304,39693448,42270720,23647484,0,0,8
1783755430287,44154880,39022000,42270720,23641341,0,0,8
1783755431295,44154880,39053464,42270720,23641341,0,0,8
1783755432298,44154880,39086832,42270720,23641381,0,0,8
1783755433301,44154880,39208064,42270720,23651823,0,0,8
1783755434315,44154880,39273440,42270720,23653012,0,0,8
1783755435328,44154880,39308488,42270720,23653012,0,0,8
1783755436329,44154880,39342072,42270720,23653052,0,0,8
1783755437341,44154880,39373592,42270720,23653052,0,0,8
1783755438352,44232704,39407016,42270720,23653092,0,0,8
1783755439364,44232704,39518840,42270720,23655366,0,0,8
1783755440372,44232704,39590608,42270720,23656531,0,0,8
1783755441377,44232704,39622096,42270720,23656531,0,0,8
1783755442385,44232704,39654968,42270720,23656571,0,0,8
1783755443396,44244992,39021496,42270720,23657685,0,0,8
1783755444401,44244992,39096848,42270720,23658874,0,0,8
1783755445404,44244992,39129024,42270720,23658874,0,0,8
1783755446418,44244992,39161872,42270720,23658914,0,0,8
1783755447424,44244992,39194000,42270720,23658914,0,0,8
1783755448424,44244992,39226872,42270720,23658954,0,0,8
1783755449438,44244992,39336656,42270720,23661228,0,0,8
1783755450440,44576768,39675352,42270720,23671087,0,0,8
1783755451454,44576768,39706920,42270720,23671087,0,0,8
1783755452469,44601344,38975800,43319296,23671127,0,0,8
1783755453474,44605440,39087784,43319296,23667002,0,0,8
1783755454484,44605440,39164120,43319296,23668191,0,0,8
1783755455486,44605440,39195408,43319296,23668191,0,0,8
1783755456494,44605440,39227448,43319296,23668231,0,0,8
1783755457498,44605440,39259960,43319296,23668231,0,0,8
1783755458503,44605440,39292616,43319296,23668271,0,0,8
1783755459512,44609536,39403568,43319296,23678737,0,0,8
1783755460513,44609536,39474608,43319296,23679902,0,0,8
1783755461528,37920768,39505992,43319296,23679902,0,0,8
1783755462531,37920768,39541232,43319296,23679942,0,0,8
1783755463545,37920768,39662504,43319296,23682192,0,0,8
1783755464545,37928960,39727888,43319296,23683381,0,0,8
1783755465546,37937152,39006272,42270720,23683381,0,0,8
1783755466560,37937152,39039744,42270720,23664792,0,0,8
1783755467574,37937152,39071072,42270720,23664792,0,0,8
1783755468575,37937152,39105952,42270720,23664832,0,0,8
1783755469575,37941248,39216760,42270720,23675298,0,0,8
1783755470591,37941248,39287376,42270720,23676463,0,0,8
1783755471604,37941248,39319608,42270720,23676463,0,0,8
1783755472618,37941248,39354408,42270720,23676503,0,0,8
1783755473622,37945344,39508920,42270720,23679902,0,0,8
1783755474624,37945344,39541824,42270720,23688134,0,0,8
1783755475628,34512896,39573912,42270720,23688134,0,0,8
1783755476631,32800768,39605696,42270720,23688174,0,0,8
1783755477635,32800768,39636992,42270720,23688174,0,0,8
1783755478637,30593024,39670576,42270720,23688214,0,0,8
1783755479651,30629888,39027600,42270720,23690488,0,0,8
1783755480652,32116736,39691504,42270720,23684051,0,0,8
1783755481667,32116736,39724136,42270720,23684051,0,0,8
1783755482669,32116736,39756736,42270720,23684091,0,0,8
1783755483683,30269440,39151992,42270720,23684535,0,0,8
1783755484697,30269440,39186504,42270720,23684575,0,0,8
1783755485698,30269440,39218800,42270720,23684575,0,0,8
1783755486701,30269440,39251120,42270720,23684615,0,0,8
1783755487701,30269440,39282776,42270720,23684615,0,0,8
1783755488716,30269440,39316344,42270720,23684655,0,0,8
1783755489729,30273536,39467864,42270720,23696246,0,0,8
1783755490744,30273536,39501392,42270720,23696286,0,0,8
1783755491756,30277632,39532552,42270720,23696286,0,0,8
1783755492768,30277632,39566144,42270720,23696326,0,0,8
1783755493772,30285824,39721608,42270720,23699725,0,0,8
1783755494775,30285824,39756056,42270720,23707957,0,0,8
1783755495782,30285824,39788184,42270720,23707957,0,0,8
1783755496788,30334976,39072824,42270720,23707997,0,0,8
1783755497791,30334976,39105144,42270720,23707997,0,0,8
1783755498797,30941184,39176384,42270720,23698685,0,0,8
1783755499800,31313920,39316720,42270720,23700959,0,0,8
1783755500802,31313920,39349424,42270720,23700999,0,0,8
1783755501809,31313920,39380800,42270720,23700999,0,0,8
1783755502811,31313920,39414360,42270720,23701039,0,0,8
1783755503814,31313920,39567448,42270720,23712630,0,0,8
1783755504826,31313920,39602688,42270720,23712670,0,0,8
1783755505834,31313920,39634344,42270720,23712670,0,0,8
1783755506838,31313920,39667000,42270720,23712710,0,0,8
1783755507853,31313920,39699128,42270720,23712710,0,0,8
1783755508860,31313920,39731832,42270720,23712750,0,0,8
1783755509866,31358976,39131568,42270720,23716149,0,0,8
1783755510876,31649792,39428600,42270720,23706254,0,0,8
1783755511880,31711232,39460168,42270720,23714446,0,0,8
1783755512938,31715328,39489784,42270720,23714486,0,0,8
1783755513949,32174080,39634016,42270720,23717885,0,0,8
1783755514971,32174080,39665200,42270720,23717925,0,0,8
1783755515983,32178176,39691224,42270720,23717925,0,0,8
1783755516986,32403456,39713848,42270720,23717965,0,0,8
1783755517990,32407552,39733528,42270720,23717965,0,0,8
1783755518990,32415744,39804000,42270720,23719130,0,0,8
1783755520008,31535104,39111672,42270720,23729596,0,0,8
1783755521018,31539200,39144144,42270720,23722136,0,0,8
1783755522030,31539200,39175552,42270720,23722136,0,0,8
1783755523040,31539200,39210736,42270720,23722176,0,0,8
1783755524049,32174080,39372080,42270720,23725575,0,0,8
1783755525057,32178176,39405584,42270720,23725615,0,0,8
1783755526064,32182272,39437048,42270720,23725615,0,0,8
1783755527076,32182272,39469944,42270720,23725655,0,0,8
1783755528087,32186368,39502072,42270720,23725655,0,0,8
1783755529100,32186368,39532384,42270720,23725695,0,0,8
1783755894690,32452608,39545120,42270720,23725695,0,0,8
1783755898805,42360832,39935776,42270720,23725735,0,0,8
1783755899818,38653952,39420400,42270720,23722096,0,0,8
1783755901637,41426944,39766952,42270720,23722128,0,0,8
1783755902643,42078208,39465336,42532864,23750831,0,0,8
1783755903648,42639360,40104848,42532864,23762978,0,0,8
1783755904657,42995712,40141952,42532864,23762978,0,0,8
1783755905669,41943040,39492640,42795008,23762978,0,0,8
1783755906681,41943040,39523912,42795008,23762978,0,0,8
1783755907682,41943040,39556040,42795008,23762978,0,0,8
1783755908688,41947136,39596472,42795008,23762978,0,0,8
1783755909696,41947136,39628152,42795008,23762978,0,0,8
1783755910698,41664512,39777176,42795008,23762978,0,0,8
1783755911709,40120320,39808664,42795008,23762978,0,0,8
1783755912721,38871040,39840624,42795008,23762978,0,0,8
1783755913726,38907904,39986368,42795008,23758311,0,0,8
1783755914727,30461952,40026688,42795008,23758358,0,0,8
1783755915740,30490624,40058784,42795008,23758358,0,0,8
1783755916755,30527488,40091464,42795008,23758398,0,0,8
1783755917775,24379392,40123608,42795008,23758398,0,0,8
1783755918847,24424448,40153136,42795008,23758438,0,0,8
1783755919860,24453120,40181944,42795008,23758438,0,0,8
1783755920863,24489984,40214680,42795008,23758478,0,0,8
1783755921872,24518656,40247056,42795008,23758478,0,0,8
1783755922882,26394624,39572008,42795008,23754959,0,0,8
1783755923888,26558464,39720328,42795008,23758358,0,0,8
1783755924891,22282240,39754080,42795008,23758398,0,0,8
1783755925899,22319104,39785520,42795008,23758398,0,0,8
1783755926913,22355968,39818880,42795008,23758438,0,0,8
1783755927914,22384640,39850152,42795008,23758438,0,0,8
1783755928921,22425600,39884368,42795008,23758478,0,0,8
1783755929929,24768512,39923032,42795008,23758478,0,0,8
1783755930941,31371264,40220336,42795008,23767212,0,0,8
1783755931943,31412224,40252688,42795008,23767212,0,0,8
1783755932953,32129024,40293560,42795008,23767252,0,0,8
1783755933963,31481856,39707648,42795008,23766510,0,0,8
1783755934971,31514624,39741352,42795008,23766550,0,0,8
1783755935971,31514624,39772592,42795008,23766550,0,0,8
1783755936985,31518720,39805416,42795008,23766590,0,0,8
1783755937992,31518720,39839488,42795008,23766590,0,0,8
1783755939007,31518720,39871976,42795008,23766630,0,0,8
1783755940022,31518720,39903992,42795008,23766630,0,0,8
1783755941029,31522816,39936864,42795008,23766670,0,0,8
1783755942039,31522816,39968160,42795008,23766670,0,0,8
1783755943052,31526912,40001528,42795008,23766710,0,0,8
1783755944056,31526912,40151248,42795008,23778301,0,0,8
1783755945070,31526912,40184784,42795008,23778341,0,0,8
1783755946076,31526912,40216392,42795008,23778341,0,0,8
1783755947087,31526912,40248704,42795008,23778381,0,0,8
1783755948097,31526912,40280960,42795008,23778381,0,0,8
1783755949111,31551488,40313448,42795008,23778421,0,0,8
1783755950122,31600640,39571016,42795008,23778421,0,0,8
1783755951132,31637504,39603696,42795008,23771343,0,0,8
1783755952142,31670272,39634992,42795008,23771343,0,0,8
1783755953151,31707136,39668408,42795008,23771383,0,0,8
1783755954158,31801344,39816392,42795008,23774782,0,0,8
1783755955169,31805440,39850168,42795008,23774822,0,0,8
1783755956174,31805440,39883552,42795008,23774822,0,0,8
1783755957180,31805440,39916560,42795008,23774862,0,0,8
1783755958188,31805440,39948000,42795008,23774862,0,0,8
1783755959198,31858688,39982192,42795008,23774902,0,0,8
1783755960208,32890880,39790072,42795008,23780484,0,0,8
1783755961218,32890880,39878856,42795008,23781010,0,0,8
1783755962227,32894976,39910344,42795008,23781010,0,0,8
1783755963233,32907264,40060784,42795008,23792641,0,0,8
1783755964246,32907264,40092248,42795008,23792641,0,0,8
1783755965258,32907264,40126376,42795008,23792681,0,0,8
1783755966269,32907264,40158504,42795008,23792681,0,0,8
1783755967278,32907264,40190992,42795008,23792721,0,0,8
1783755968287,32907264,40223504,42795008,23792721,0,0,8
1783755969297,32911360,40255992,42795008,23792761,0,0,8
1783755970311,32911360,40287480,42795008,23792761,0,0,8
1783755971324,32915456,40321040,42795008,23792801,0,0,8
1783755972335,33001472,39617920,43843584,23792801,0,0,8
1783755973350,33005568,39768104,43843584,23791126,0,0,8
1783755974363,33005568,39800392,43843584,23791126,0,0,8
1783755975378,33005568,39832880,43843584,23791166,0,0,8
1783755976390,33009664,39864840,43843584,23791166,0,0,8
1783755977403,33009664,39897400,43843584,23791206,0,0,8
1783755978416,31526912,39929696,43843584,23791206,0,0,8
1783755979430,31526912,39963912,43843584,23791246,0,0,8
1783755980441,31526912,39995400,43843584,23791246,0,0,8
1783755981455,31526912,40028904,43843584,23791286,0,0,8
1783755982462,31526912,40060176,43843584,23791286,0,0,8
1783755983474,31752192,40211728,43843584,23802917,0,0,8
1783755984486,31756288,40243192,43843584,23802917,0,0,8
1783755985493,31756288,40277624,43843584,23802957,0,0,8
1783755986508,31756288,40309976,43843584,23802957,0,0,8
1783755987511,31756288,40342464,43843584,23802997,0,0,8
1783755988517,31780864,39603592,42795008,23802997,0,0,8
1783755989525,31780864,39636488,42795008,23795919,0,0,8
1783755990537,32141312,39930648,42795008,23796421,0,0,8
1783755991547,32145408,39964040,42795008,23796461,0,0,8
1783755992548,32149504,39995328,42795008,23796461,0,0,8
1783755993559,32157696,40148408,42795008,23808092,0,0,8
1783755994569,32157696,40181408,42795008,23808092,0,0,8
1783755995580,32157696,40213944,42795008,23808132,0,0,8
1783755996589,30732288,40246240,42795008,23808132,0,0,8
1783755997602,30732288,40278752,42795008,23808172,0,0,8
1783755998608,30732288,40311112,42795008,23808172,0,0,8
1783755999621,30732288,40343768,42795008,23808212,0,0,8
1783756000634,30818304,39621536,42795008,23808212,0,0,8
1783756001643,30818304,39656992,42795008,23804111,0,0,8
1783756002650,30818304,39688288,42795008,23804111,0,0,8
1783756003662,31059968,39838512,42795008,23807550,0,0,8
1783756004672,31059968,39870024,42795008,23807550,0,0,8
1783756005686,31059968,39902512,42795008,23807590,0,0,8
1783756006691,31059968,39934640,42795008,23807590,0,0,8
1783756007695,31059968,39969216,42795008,23807630,0,0,8
1783756008700,31059968,40001512,42795008,23807630,0,0,8
1783756009712,31059968,40034000,42795008,23807670,0,0,8
1783756010725,31059968,40065720,42795008,23807670,0,0,8
1783756011737,29814784,40099232,42795008,23807710,0,0,8
1783756012749,29814784,40130360,42795008,23807710,0,0,8
1783756013761,29822976,40280752,42795008,23819341,0,0,8
1783756014770,29822976,40314184,42795008,23819341,0,0,8
1783756015786,29822976,40346840,42795008,23819381,0,0,8
1783756016795,29822976,40379184,42795008,23819381,0,0,8
1783756017802,29986816,39660744,42795008,23812303,0,0,8
1783756018813,30023680,39694552,42795008,23812303,0,0,8
1783756019820,29577216,39727000,42795008,23812343,0,0,8
1783756020823,30326784,40344792,42795008,23822285,0,0,8
1783756021836,30330880,40378352,42795008,23822325,0,0,8
1783756022851,29536256,39661040,42795008,23822325,0,0,8
1783756023852,29548544,39811056,42795008,23823894,0,0,8
1783756024865,29548544,39842576,42795008,23823894,0,0,8
1783756025874,29552640,39875536,42795008,23823934,0,0,8
1783756026889,29552640,39907688,42795008,23823934,0,0,8
1783756027890,29556736,39940120,42795008,23823974,0,0,8
1783756028902,29556736,39971968,42795008,23823974,0,0,8
1783756029916,29556736,40007040,42795008,23824014,0,0,8
1783756030927,29556736,40038336,42795008,23824014,0,0,8
1783756031942,29556736,40071752,42795008,23824054,0,0,8
1783756032945,29560832,40103216,42795008,23824054,0,0,8
1783756033956,29757440,40264096,42795008,23835685,0,0,8
1783756034961,29761536,40296464,42795008,23835685,0,0,8
1783756035971,29761536,40330848,42795008,23835725,0,0,8
1783756036971,29761536,40362976,42795008,23835725,0,0,8
1783756037972,29761536,40395224,42795008,23835765,0,0,8
1783756038978,29761536,40427184,42795008,23835765,0,0,8
1783756039989,29818880,39739304,42795008,23835805,0,0,8
1783756040992,29818880,39770816,42795008,23835805,0,0,8
1783756041997,29818880,39804016,42795008,23828687,0,0,8
1783756043010,29818880,39835312,42795008,23828687,0,0,8
1783756044025,29827072,39988776,42795008,23832126,0,0,8
1783756045036,29827072,40020512,42795008,23832126,0,0,8
1783756046050,29831168,40052888,42795008,23832166,0,0,8
1783756047062,29835264,40085088,42795008,23832166,0,0,8
1783756048062,29835264,40119192,42795008,23832206,0,0,8
1783756049072,29839360,40151688,42795008,23832206,0,0,8
1783756050078,30597120,40421160,42795008,23840697,0,0,8
1783756051086,30666752,39764704,42795008,23840940,0,0,8
1783756052090,30666752,39798096,42795008,23836879,0,0,8
1783756053093,30666752,39829920,42795008,23836879,0,0,8
1783756054107,30683136,39979864,42795008,23840318,0,0,8
1783756055121,30683136,40013088,42795008,23840318,0,0,8
1783756056123,30683136,40046816,42795008,23840358,0,0,8
1783756057123,30683136,40078200,42795008,23840358,0,0,8
1783756058136,30683136,40110744,42795008,23840398,0,0,8
1783756059137,30683136,40143200,42795008,23840398,0,0,8
1783756060151,30683136,40175936,42795008,23840438,0,0,8
1783756061162,30683136,40209936,42795008,23840438,0,0,8
1783756062171,30683136,40242808,42795008,23840478,0,0,8
1783756063179,30683136,40274248,42795008,23840478,0,0,8
1783756064180,30699520,40424120,42795008,23852109,0,0,8
1783756065193,30703616,40455728,42795008,23852109,0,0,8
1783756066204,30703616,40491248,42795008,23852149,0,0,8
1783756067210,30732288,39772680,42795008,23852149,0,0,8
1783756068221,30228480,39805240,42795008,23845071,0,0,8
1783756069228,29646848,39837336,42795008,23845071,0,0,8
1783756070240,28712960,39869848,42795008,23845111,0,0,8
1783756071243,25468928,39903976,42795008,23845111,0,0,8
1783756072243,20189184,39936464,42795008,23845151,0,0,8
1783756073247,20635648,40044168,42795008,23847401,0,0,8
1783756074268,17620992,40117544,42795008,23848590,0,0,8
1783756075276,17670144,40148160,42795008,23848590,0,0,8
1783756076283,17670144,40180840,42795008,23848630,0,0,8
1783756077294,17698816,40213264,42795008,23848630,0,0,8
1783756078305,17735680,40245944,42795008,23848670,0,0,8
1783756079305,17817600,40281288,42795008,23848670,0,0,8
1783756080379,28860416,39939416,42795008,23845274,0,0,8
1783756081385,35201024,40332872,42795008,23870427,0,0,8
1783756082387,35233792,40366312,42795008,23870467,0,0,8
1783756083387,35319808,40516024,42795008,23873866,0,0,8
1783756084394,34537472,39821256,42795008,23861479,0,0,8
1783756085394,34570240,39852768,42795008,23861479,0,0,8
1783756086408,34603008,39885336,42795008,23861519,0,0,8
1783756087422,34254848,39917488,42795008,23861519,0,0,8
1783756088432,34287616,39950456,42795008,23861559,0,0,8
1783756089439,34287616,39983160,42795008,23861599,0,0,8
1783756090453,34287616,40015120,42795008,23861599,0,0,8
1783756091465,34287616,40048160,42795008,23861639,0,0,8
1783756092479,34287616,40080456,42795008,23861639,0,0,8
1783756093488,34295808,40231640,42795008,23873270,0,0,8
1783756094500,34295808,40263152,42795008,23873270,0,0,8
1783756095511,34295808,40296496,42795008,23873310,0,0,8
1783756096520,34295808,40327936,42795008,23873310,0,0,8
1783756097520,34295808,40361272,42795008,23873350,0,0,8
1783756098532,34295808,40392712,42795008,23873350,0,0,8
1783756099542,34295808,40425312,42795008,23873390,0,0,8
1783756100554,34295808,40457824,42795008,23873390,0,0,8
1783756101565,34295808,40490320,42795008,23873430,0,0,8
1783756102578,34316288,40524320,42795008,23873430,0,0,8
1783756103590,34582528,39939256,42795008,23873070,0,0,8
1783756104604,34619392,39970552,42795008,23873070,0,0,8
1783756105616,34619392,40004336,42795008,23873110,0,0,8
1783756106627,34619392,40036016,42795008,23873110,0,0,8
1783756107637,34619392,40069552,42795008,23873150,0,0,8
1783756108649,34619392,40100848,42795008,23873150,0,0,8
1783756109663,34557952,40135448,42795008,23873190,0,0,8
1783756110673,34856960,40429432,42795008,23881884,0,0,8
1783756111681,34861056,40462304,42795008,23881924,0,0,8
1783756112695,34861056,40494872,42795008,23881924,0,0,8
1783756113706,34893824,39861928,42795008,23879012,0,0,8
1783756114713,34926592,39894816,42795008,23879012,0,0,8
1783756115719,29077504,39928568,42795008,23879052,0,0,8
1783756116721,29110272,39959864,42795008,23879052,0,0,8
1783756117726,29130752,39993232,42795008,23879092,0,0,8
1783756118730,29130752,40024912,42795008,23879092,0,0,8
1783756119742,29130752,40057648,42795008,23879132,0,0,8
1783756120753,29130752,40089968,42795008,23879132,0,0,8
1783756121767,29130752,40124456,42795008,23879172,0,0,8
1783756122779,29130752,40156608,42795008,23879172,0,0,8
1783756123786,29138944,40305608,42795008,23890803,0,0,8
1783756124795,29138944,40337288,42795008,23890803,0,0,8
1783756125809,29138944,40372280,42795008,23890843,0,0,8
1783756126823,29138944,40403776,42795008,23890843,0,0,8
1783756127837,29138944,40437056,42795008,23890883,0,0,8
1783756128849,29138944,40468720,42795008,23890883,0,0,8
1783756129863,29138944,40504344,42795008,23890923,0,0,8
1783756130875,29151232,40535720,42795008,23890923,0,0,8
1783756131886,29270016,39813512,42795008,23890963,0,0,8
1783756132901,29282304,39846736,42795008,23890963,0,0,8
1783756133912,29442048,39996880,42795008,23889454,0,0,8
1783756134915,29442048,40028560,42795008,23889454,0,0,8
1783756135928,29442048,40062096,42795008,23889494,0,0,8
1783756136936,29446144,40093776,42795008,23889494,0,0,8
1783756137949,29446144,40127368,42795008,23889534,0,0,8
1783756138956,29474816,40162000,42795008,23889534,0,0,8
1783756139969,29474816,40194896,42795008,23889574,0,0,8
1783756140973,30748672,40039560,42795008,23895439,0,0,8
1783756141974,30937088,40073016,42795008,23895479,0,0,8
1783756142983,30646272,40105384,42795008,23895479,0,0,8
1783756143996,30695424,40254920,42795008,23898918,0,0,8
1783756145011,30695424,40286592,42795008,23898918,0,0,8
1783756146019,30695424,40320320,42795008,23898958,0,0,8
1783756147033,30695424,40351424,42795008,23898958,0,0,8
1783756148041,30695424,40384768,42795008,23898998,0,0,8
1783756149044,30695424,40418128,42795008,23898998,0,0,8
1783756150056,30695424,40451008,42795008,23907230,0,0,8
1783756151060,30695424,40483136,42795008,23907230,0,0,8
1783756152069,30699520,40515840,42795008,23907270,0,0,8
1783756153083,30699520,40548304,42795008,23907270,0,0,8
1783756154082,30765056,39862416,42795008,23902439,0,0,8
1783756155089,30769152,39895800,42795008,23902439,0,0,8
1783756156090,30769152,39929336,42795008,23902479,0,0,8
1783756157100,30769152,39960800,42795008,23902479,0,0,8
1783756158106,30769152,39994104,42795008,23902519,0,0,8
1783756159113,30773248,40025616,42795008,23902519,0,0,8
1783756160117,30777344,40058984,42795008,23902559,0,0,8
1783756161124,30777344,40090664,42795008,23902559,0,0,8
1783756162125,30777344,40123096,42795008,23902599,0,0,8
1783756163134,30781440,40155392,42795008,23902599,0,0,8
1783756164146,30785536,40304848,42795008,23906038,0,0,8
1783756165159,30785536,40338232,42795008,23906038,0,0,8
1783756166169,30785536,40371600,42795008,23906078,0,0,8
1783756167183,30785536,40403280,42795008,23906078,0,0,8
1783756168186,30785536,40436816,42795008,23906118,0,0,8
1783756169201,30789632,40468616,42795008,23914310,0,0,8
1783756170209,31408128,40007104,42795008,23911077,0,0,8
1783756171213,31408128,40041272,42795008,23911077,0,0,8
1783756172212,31408128,40073728,42795008,23911117,0,0,8
1783756173215,31408128,40105928,42795008,23911117,0,0,8
1783756174229,31412224,40255152,42795008,23914556,0,0,8
1783756175233,31412224,40286448,42795008,23914556,0,0,8
1783756176242,31412224,40320216,42795008,23914596,0,0,8
1783756177245,31412224,40351656,42795008,23914596,0,0,8
1783756178257,31412224,40384144,42795008,23914636,0,0,8
1783756179264,31412224,40418360,42795008,23914636,0,0,8
1783756180267,31412224,40451016,42795008,23914676,0,0,8
1783756181277,31412224,40482920,42795008,23914676,0,0,8
1783756182276,31412224,40515792,42795008,23914716,0,0,8
1783756183277,31412224,40547008,42795008,23914716,0,0,8
1783756184283,31580160,39876664,42795008,23918823,0,0,8
1783756185290,31580160,39909032,42795008,23918823,0,0,8
1783756186301,31580160,39941520,42795008,23918863,0,0,8
1783756187316,31580160,39972960,42795008,23918863,0,0,8
1783756188320,31580160,40006688,42795008,23918903,0,0,8
1783756189320,31580160,40037960,42795008,23918903,0,0,8
1783756190321,31580160,40073280,42795008,23918943,0,0,8
1783756191329,31580160,40104936,42795008,23918943,0,0,8
1783756192337,31584256,40137424,42795008,23918983,0,0,8
1783756193344,31584256,40169464,42795008,23918983,0,0,8
1783756194358,31592448,40319008,42795008,23922422,0,0,8
1783756195358,31592448,40351376,42795008,23922422,0,0,8
1783756196364,31592448,40384032,42795008,23922462,0,0,8
1783756197375,31592448,40415688,42795008,23922462,0,0,8
1783756198388,31596544,40450848,42795008,23922502,0,0,8
1783756199397,29290496,40484080,42795008,23922502,0,0,8
1783756200408,31076352,40325120,42795008,23928886,0,0,8
1783756201416,33685504,40589184,43843584,23945825,0,0,8
1783756202424,33689600,40623592,43843584,23945865,0,0,8
1783756203433,33861632,40039832,42795008,23957456,0,0,8
1783756204439,33255424,40072704,42795008,23951591,0,0,8
1783756205448,33255424,40104168,42795008,23951591,0,0,8
1783756206454,33255424,40137728,42795008,23951631,0,0,8
1783756207464,33255424,40169000,42795008,23951631,0,0,8
1783756208479,33255424,40202456,42795008,23951671,0,0,8
1783756209490,33255424,40235784,42795008,23951671,0,0,8
1783756210497,33259520,40268960,42795008,23951711,0,0,8
1783756211510,33259520,40300424,42795008,23951711,0,0,8
1783756212522,33259520,40332928,42795008,23951751,0,0,8
1783756213533,33271808,40481888,42795008,23955150,0,0,8
1783756214543,33271808,40514424,42795008,23955190,0,0,8
1783756215552,33271808,40545912,42795008,23955190,0,0,8
1783756216560,33271808,40580960,42795008,23955230,0,0,8
1783756217563,33271808,40611896,42795008,23955230,0,0,8
1783756218566,33128448,40644440,42795008,23955270,0,0,8
1783756219579,33128448,40675456,42795008,23955270,0,0,8
1783756220586,33128448,40708600,42795008,23955310,0,0,8
1783756221586,33062912,40738992,42795008,23955310,0,0,8
1783756222591,33202176,40765544,42795008,23955350,0,0,8
1783756223604,33357824,40166032,42795008,23962017,0,0,8
1783756224621,33398784,40199696,42795008,23962057,0,0,8
1783756225625,33460224,40232464,42795008,23962057,0,0,8
1783756226636,33472512,40265232,42795008,23962097,0,0,8
1783756227640,33472512,40296880,42795008,23962097,0,0,8
1783756228639,33472512,40326232,42795008,23962137,0,0,8
1783756229650,33476608,40358720,42795008,23962137,0,0,8
1783756230652,32980992,40656112,42795008,23962679,0,0,8
1783756231656,32985088,40688264,42795008,23962679,0,0,8
1783756232662,32985088,40721160,42795008,23962719,0,0,8
1783756233668,33107968,40099272,42795008,23974310,0,0,8
1783756234678,33132544,40131808,42795008,23967975,0,0,8
1783756235688,33169408,40163432,42795008,23967975,0,0,8
1783756236700,29642752,40198504,42795008,23968015,0,0,8
1783756237706,29675520,40229968,42795008,23968015,0,0,8
1783756238719,29708288,40263608,42795008,23968055,0,0,8
1783756239725,29716480,40295072,42795008,23968055,0,0,8
1783756240731,29716480,40327920,42795008,23968095,0,0,8
1783756241741,29716480,40361968,42795008,23968095,0,0,8
1783756242742,29716480,40394120,42795008,23968135,0,0,8
1783756243749,29745152,40542136,42795008,23971534,0,0,8
1783756244758,29745152,40575576,42795008,23971574,0,0,8
1783756245765,29745152,40607016,42795008,23971574,0,0,8
1783756246774,29745152,40640360,42795008,23971614,0,0,8
1783756247781,29745152,40672016,42795008,23971614,0,0,8
1783756248791,29745152,40704504,42795008,23971654,0,0,8
1783756249804,29745152,40738504,42795008,23971654,0,0,8
1783756250812,29753344,40771152,42795008,23971694,0,0,8
1783756251824,29761536,40803344,42795008,23971694,0,0,8
1783756252839,29773824,40836024,42795008,23971734,0,0,8
1783756253852,29999104,40229888,42795008,23979526,0,0,8
1783756254860,30031872,40265032,42795008,23979566,0,0,8
1783756255865,30044160,40296312,42795008,23979566,0,0,8
1783756256877,30044160,40328984,42795008,23979606,0,0,8
1783756257886,30044160,40360944,42795008,23979606,0,0,8
1783756258900,30093312,40395256,42795008,23979646,0,0,8
1783756259911,30093312,40427624,42795008,23979646,0,0,8
1783756260923,31592448,40327504,42795008,23985630,0,0,8
1783756261938,31600640,40358800,42795008,23985630,0,0,8
1783756262951,31600640,40394256,42795008,23985670,0,0,8
1783756263963,31207424,40547960,42795008,23989069,0,0,8
1783756264976,31211520,40581224,42795008,23989109,0,0,8
1783756265988,31211520,40612736,42795008,23989109,0,0,8
1783756267001,31211520,40645248,42795008,23989149,0,0,8
1783756268013,31219712,40677400,42795008,23989149,0,0,8
1783756269029,31223808,40710128,42795008,23989189,0,0,8
1783756270044,31223808,40743704,42795008,23989189,0,0,8
1783756271055,31223808,40776360,42795008,23989229,0,0,8
1783756272055,31227904,40807792,42795008,23989229,0,0,8
1783756273068,31232000,40841360,42795008,23989269,0,0,8
1783756274082,31313920,40230600,42795008,23986593,0,0,8
1783756275095,31318016,40264208,42795008,23986633,0,0,8
1783756276095,31318016,40295616,42795008,23986633,0,0,8
1783756277110,31318016,40328184,42795008,23986673,0,0,8
1783756278125,31322112,40362232,42795008,23986673,0,0,8
1783756279136,31322112,40394912,42795008,23986713,0,0,8
1783756280147,31322112,40426184,42795008,23986713,0,0,8
1783756281160,31322112,40459744,42795008,23986753,0,0,8
1783756282171,31322112,40491016,42795008,23986753,0,0,8
1783756283186,31703040,40529304,42795008,23986793,0,0,8
1783756284197,31707136,40679688,42795008,23990192,0,0,8
1783756285211,31707136,40712272,42795008,23990232,0,0,8
1783756286224,31707136,40744400,42795008,23990232,0,0,8
1783756287225,31707136,40777048,42795008,23990272,0,0,8
1783756288224,31707136,40809120,42795008,23990272,0,0,8
1783756289239,31731712,40842488,42795008,23990312,0,0,8
1783756290252,32800768,40424096,42795008,23993013,0,0,8
1783756291253,32804864,40457600,42795008,23993053,0,0,8
1783756292267,32804864,40488896,42795008,23993053,0,0,8
1783756293277,32804864,40521936,42795008,23993093,0,0,8
1783756294291,32923648,40675336,42795008,23996492,0,0,8
1783756295293,32923648,40709352,42795008,23996532,0,0,8
1783756296308,32927744,40740840,42795008,23996532,0,0,8
1783756297320,32935936,40774040,42795008,23996572,0,0,8
1783756298339,32935936,40805000,42795008,23996572,0,0,8
1783756299343,33058816,40838568,42795008,23996612,0,0,8
1783756300353,33058816,40869536,42795008,23996612,0,0,8
1783756301398,33058816,40903000,42795008,23996652,0,0,8
1783756302483,35004416,40280480,42795008,23996652,0,0,8
1783756303484,35315712,40557600,42795008,23995950,0,0,8
1783756304483,35319808,40589352,42795008,23995990,0,0,8
1783756305495,35319808,40619880,42795008,23995990,0,0,8
1783756306496,34410496,40652536,42795008,23996030,0,0,8
1783756307505,34414592,40684632,42795008,23996030,0,0,8
1783756308513,34414592,40716704,42795008,23996070,0,0,8
1783756309527,34533376,40751592,42795008,23996070,0,0,8
1783756310536,34533376,40784624,42795008,23996110,0,0,8
1783756311543,34533376,40813568,42795008,23996110,0,0,8
1783756312557,33779712,40846000,42795008,23996150,0,0,8
1783756313567,33910784,40299152,42795008,23993660,0,0,8
1783756314568,33910784,40333440,42795008,23993700,0,0,8
1783756315652,33910784,40362048,42795008,23993700,0,0,8
1783756316655,32366592,40392712,42795008,23993740,0,0,8
1783756317665,32370688,40420784,42795008,23993740,0,0,8
1783756318666,25710592,40451120,42795008,23993780,0,0,8
1783756319667,25714688,40482304,42795008,23993780,0,0,8
1783756321804,33415168,40895128,42795008,24002287,0,0,8
1783756322812,36651008,40643480,43319296,24011851,0,0,8
1783756323818,36700160,40792264,43319296,24015250,0,0,8
1783756324822,36720640,40824800,43319296,24015290,0,0,8
1783756325831,35213312,40856096,43319296,24015290,0,0,8
1783756326844,35221504,40889848,43319296,24015330,0,0,8
1783756327863,35225600,40921312,43319296,24015330,0,0,8
1783756328869,35229696,40954120,43319296,24015370,0,0,8
1783756329875,35241984,40987504,43319296,24015370,0,0,8
1783756330880,35246080,41020320,43319296,24015410,0,0,8
1783756331893,35278848,41052304,43319296,24015410,0,0,8
1783756333024,35520512,40346288,43319296,24015450,0,0,8
1783756334037,35676160,40497160,43319296,24020510,0,0,8
1783756335039,35704832,40529768,43319296,24020550,0,0,8
1783756336049,35704832,40561920,43319296,24020550,0,0,8
1783756337049,35708928,40594520,43319296,24020590,0,0,8
1783756338060,35708928,40626032,43319296,24020590,0,0,8
1783756339067,35708928,40659208,43319296,24020630,0,0,8
1783756340077,35708928,40690648,43319296,24020630,0,0,8
1783756341089,35475456,40725912,43319296,24020670,0,0,8
1783756342099,35475456,40757208,43319296,24020670,0,0,8
1783756343112,35475456,40789744,43319296,24020710,0,0,8
1783756344116,35487744,40938360,43319296,24024109,0,0,8
1783756345121,35500032,40971168,43319296,24024149,0,0,8
1783756346123,35500032,41003320,43319296,24024149,0,0,8
1783756347130,35500032,41036192,43319296,24024189,0,0,8
1783756348132,35500032,41070216,43319296,24024189,0,0,8
1783756349133,35500032,41103040,43319296,24024229,0,0,8
1783756350142,35876864,40674856,43319296,24025805,0,0,8
1783756351156,35876864,40708472,43319296,24025845,0,0,8
1783756352167,35876864,40739800,43319296,24025845,0,0,8
1783756353172,35876864,40775232,43319296,24025885,0,0,8
1783756354183,35889152,40924296,43319296,24029284,0,0,8
1783756355183,35893248,40956776,43319296,24029324,0,0,8
1783756356195,35897344,40989144,43319296,24029324,0,0,8
1783756357205,35897344,41021992,43319296,24029364,0,0,8
1783756358217,35897344,41054144,43319296,24029364,0,0,8
1783756359229,35897344,41087048,43319296,24029404,0,0,8
1783756360239,35897344,41118512,43319296,24029404,0,0,8
1783756361252,35942400,40398264,44367872,24029444,0,0,8
1783756362263,35942400,40429776,44367872,24029444,0,0,8
1783756363278,35950592,40463344,44367872,24017151,0,0,8
1783756364287,35979264,40612648,44367872,24028742,0,0,8
1783756365290,35979264,40646088,44367872,24028782,0,0,8
1783756366295,35979264,40679256,44367872,24028782,0,0,8
1783756367300,35983360,40711936,44367872,24028822,0,0,8
1783756368313,35983360,40744304,44367872,24028822,0,0,8
1783756369327,35983360,40776960,44367872,24028862,0,0,8
1783756370342,35983360,40808400,44367872,24028862,0,0,8
1783756371351,35983360,40841984,44367872,24028902,0,0,8
1783756372364,35983360,40873256,44367872,24028902,0,0,8
1783756373380,35983360,40908472,44367872,24028942,0,0,8
1783756374384,35991552,41056008,44367872,24032341,0,0,8
1783756375393,35991552,41088736,44367872,24032381,0,0,8
1783756376398,35991552,41120976,44367872,24032381,0,0,8
1783756377404,36007936,40395936,43319296,24032421,0,0,8
1783756378414,36007936,40429960,43319296,24032421,0,0,8
1783756379423,36007936,40464272,43319296,24025343,0,0,8
1783756380430,36225024,41082896,43319296,24035324,0,0,8
1783756381442,36233216,41116488,43319296,24035364,0,0,8
1783756382452,36233216,41148120,43319296,24035364,0,0,8
1783756383464,36302848,40451896,43319296,24034660,0,0,8
1783756384476,36311040,40561616,43319296,24036934,0,0,8
1783756385490,36311040,40594376,43319296,24045166,0,0,8
1783756386504,36311040,40628624,43319296,24045166,0,0,8
1783756387516,36311040,40661280,43319296,24045206,0,0,8
1783756388531,36311040,40693408,43319296,24045206,0,0,8
1783756389544,36311040,40726280,43319296,24045246,0,0,8
1783756390554,36311040,40757720,43319296,24045246,0,0,8
1783756391560,36311040,40791232,43319296,24045286,0,0,8
1783756392561,36311040,40822664,43319296,24045286,0,0,8
1783756393572,36315136,40931880,43319296,24047576,0,0,8
1783756394582,36323328,40999784,43319296,24048725,0,0,8
1783756395595,36323328,41032592,43319296,24048765,0,0,8
1783756396606,36323328,41064912,43319296,24048765,0,0,8
1783756397610,36327424,41097592,43319296,24048805,0,0,8
1783756398627,36327424,41129440,43319296,24048805,0,0,8
1783756399636,36327424,41164088,43319296,24048845,0,0,8
1783756400642,36327424,41195360,43319296,24048845,0,0,8
1783756401654,32026624,40517616,43319296,24048885,0,0,8
1783756402658,32026624,40549080,43319296,24048885,0,0,8
1783756403672,32034816,40701024,43319296,24045126,0,0,8
1783756404673,32043008,40732928,43319296,24053318,0,0,8
1783756405681,29110272,40766480,43319296,24053358,0,0,8
1783756406685,29110272,40797776,43319296,24053358,0,0,8
1783756407697,29114368,40830312,43319296,24053398,0,0,8
1783756408705,29118464,40862016,43319296,24053398,0,0,8
1783756409717,29122560,40894752,43319296,24053438,0,0,8
1783756410719,29016064,40565696,43319296,24050122,0,0,8
1783756411731,29020160,40598400,43319296,24050162,0,0,8
1783756412735,29020160,40631400,43319296,24050162,0,0,8
1783756413740,29036544,40781776,43319296,24053601,0,0,8
1783756414742,29036544,40813072,43319296,24053601,0,0,8
1783756415757,29036544,40846472,43319296,24053641,0,0,8
1783756416764,29040640,40879832,43319296,24053641,0,0,8
1783756417769,29040640,40912512,43319296,24053681,0,0,8
1783756418774,29040640,40944992,43319296,24053681,0,0,8
1783756419775,29040640,40977696,43319296,24053721,0,0,8
1783756420789,29040640,41009880,43319296,24053721,0,0,8
1783756421796,29040640,41042536,43319296,24053761,0,0,8
1783756422808,29044736,41076064,43319296,24053761,0,0,8
1783756423819,29061120,41225760,43319296,24065392,0,0,8
1783756424833,29065216,41257280,43319296,24065392,0,0,8
1783756425839,29089792,40544704,43319296,24058111,0,0,8
1783756426842,29089792,40576000,43319296,24058111,0,0,8
1783756427850,29093888,40611216,43319296,24058151,0,0,8
1783756428857,29093888,40642728,43319296,24058151,0,0,8
1783756429862,29093888,40675216,43319296,24058191,0,0,8
1783756430875,29093888,40707528,43319296,24058191,0,0,8
1783756431886,29093888,40740400,43319296,24058231,0,0,8
1783756432900,29097984,40772360,43319296,24058231,0,0,8
1783756433915,29102080,40921568,43319296,24061670,0,0,8
1783756434926,27447296,40953296,43319296,24061670,0,0,8
1783756435933,27447296,40988536,43319296,24061710,0,0,8
1783756436945,27451392,41019192,43319296,24061710,0,0,8
1783756437962,27451392,41050912,43319296,24061750,0,0,8
1783756438975,27451392,41082720,43319296,24061750,0,0,8
1783756439978,27455488,41115168,43319296,24061790,0,0,8
1783756440990,27619328,40938768,43319296,24068020,0,0,8
1783756441991,27619328,40971416,43319296,24068060,0,0,8
1783756442990,27619328,41003544,43319296,24068060,0,0,8
1783756444005,28147712,41153256,43319296,24079691,0,0,8
1783756445009,31440896,41188496,43319296,24079691,0,0,8
1783756446020,31440896,41220736,43319296,24079731,0,0,8
1783756447029,30478336,41253952,43319296,24079731,0,0,8
1783756448030,29511680,40548728,43319296,24079771,0,0,8
1783756449043,29511680,40579912,43319296,24079771,0,0,8
1783756450058,29515776,40613584,43319296,24074495,0,0,8
1783756451059,29519872,40646584,43319296,24074495,0,0,8
1783756452068,29384704,40679952,43319296,24074535,0,0,8
1783756453073,29384704,40711800,43319296,24074535,0,0,8
1783756454079,29388800,40860920,43319296,24077974,0,0,8
1783756455089,29388800,40894312,43319296,24078014,0,0,8
1783756456095,29388800,40925968,43319296,24078014,0,0,8
1783756457105,29388800,40959312,43319296,24078054,0,0,8
1783756458115,29388800,40990840,43319296,24078054,0,0,8
1783756459122,29392896,41023152,43319296,24078094,0,0,8
1783756460125,29392896,41055416,43319296,24078094,0,0,8
1783756461137,29392896,41089800,43319296,24078134,0,0,8
1783756462138,29392896,41122336,43319296,24078134,0,0,8
1783756463145,29396992,41155128,43319296,24078174,0,0,8
1783756464152,30625792,40573256,43319296,24089765,0,0,8
1783756465161,30629888,40606912,43319296,24082687,0,0,8
1783756466171,30408704,40638376,43319296,24082687,0,0,8
1783756467184,30408704,40671912,43319296,24082727,0,0,8
1783756468190,30412800,40704960,43319296,24082727,0,0,8
1783756469202,30191616,40738040,43319296,24082767,0,0,8
1783756470218,30273536,41032952,43319296,24083269,0,0,8
1783756471224,30273536,41065704,43319296,24083309,0,0,8
1783756472226,30183424,41097776,43319296,24083309,0,0,8
1783756473237,30183424,41130456,43319296,24083349,0,0,8
1783756474239,30203904,41278560,43319296,24094940,0,0,8
1783756475249,30216192,41311896,43319296,24094980,0,0,8
1783756476254,30420992,40586224,43581440,24094980,0,0,8
1783756477254,30453760,40619064,43581440,24090879,0,0,8
1783756478269,30482432,40651384,43581440,24090879,0,0,8
1783756479282,30507008,40685648,43581440,24090919,0,0,8
1783756480294,30507008,40717968,43581440,24090919,0,0,8
1783756481308,30507008,40750480,43581440,24090959,0,0,8
1783756482314,30511104,40782328,43581440,24090959,0,0,8
1783756483326,30511104,40815920,43581440,24090999,0,0,8
1783756484335,30515200,40965688,43581440,24094398,0,0,8
1783756485344,30519296,40999464,43581440,24094438,0,0,8
1783756486354,30519296,41030800,43581440,24094438,0,0,8
1783756487360,30519296,41064144,43581440,24094478,0,0,8
1783756488373,30519296,41095464,43581440,24094478,0,0,8
1783756489384,30523392,41128120,43581440,24094518,0,0,8
1783756490395,30523392,41160272,43581440,24094518,0,0,8
1783756491399,30523392,41194480,43581440,24094558,0,0,8
1783756492413,30523392,41225944,43581440,24094558,0,0,8
1783756493426,30523392,41259256,43581440,24094598,0,0,8
1783756494438,30556160,40617496,43581440,24100180,0,0,8
1783756495447,30556160,40651104,43581440,24100220,0,0,8
1783756496456,30556160,40682400,43581440,24100220,0,0,8
1783756497465,30560256,40715128,43581440,24100260,0,0,8
1783756498475,30560256,40746944,43581440,24100260,0,0,8
1783756499485,30560256,40783016,43581440,24100300,0,0,8
1783756500498,29143040,40664208,43581440,24107466,0,0,8
1783756501497,29184000,40697376,43581440,24107506,0,0,8
1783756502507,29216768,40728840,43581440,24107506,0,0,8
1783756503513,29282304,40800816,43581440,24108671,0,0,8
1783756504526,29294592,40910320,43581440,24110945,0,0,8
1783756505536,29294592,40943192,43581440,24110985,0,0,8
1783756506541,29294592,40977264,43581440,24110985,0,0,8
1783756507548,29298688,41009272,43581440,24111025,0,0,8
1783756508561,29298688,41040736,43581440,24111025,0,0,8
1783756509569,29298688,41074504,43581440,24111065,0,0,8
1783756510583,29298688,41106000,43581440,24111065,0,0,8
1783756511596,29298688,41139400,43581440,24111105,0,0,8
1783756512605,29298688,41172760,43581440,24111105,0,0,8
1783756513619,29298688,41243424,43581440,24112270,0,0,8
1783756514632,29351936,41353608,43581440,24122736,0,0,8
1783756515644,29417472,40669312,43581440,24122776,0,0,8
1783756516655,29446144,40703392,43581440,24122776,0,0,8
1783756517656,29470720,40735904,43581440,24115455,0,0,8
1783756518661,29495296,40768272,43581440,24115455,0,0,8
1783756519662,29511680,40800784,43581440,24115495,0,0,8
1783756520676,29511680,40833024,43581440,24115495,0,0,8
1783756521683,29511680,40867488,43581440,24115535,0,0,8
1783756522685,29511680,40899640,43581440,24115535,0,0,8
1783756523688,30220288,41014360,43581440,24117825,0,0,8
1783756524696,30228480,41085784,43581440,24118974,0,0,8
1783756525706,30232576,41121320,43581440,24119014,0,0,8
1783756526719,30232576,41152840,43581440,24119014,0,0,8
1783756527724,30236672,41186400,43581440,24119054,0,0,8
1783756528738,30236672,41218032,43581440,24119054,0,0,8
1783756529738,30236672,41251376,43581440,24119094,0,0,8
1783756530752,30416896,40814944,43581440,24124093,0,0,8
1783756531751,30416896,40848336,43581440,24124133,0,0,8
1783756532755,30416896,40880224,43581440,24124133,0,0,8
1783756533758,30437376,41029216,43581440,24127572,0,0,8
1783756534758,30437376,41061536,43581440,24127572,0,0,8
1783756535759,30437376,41094192,43581440,24127612,0,0,8
1783756536760,30437376,41128352,43581440,24127612,0,0,8
1783756537775,30437376,41161064,43581440,24127652,0,0,8
1783756538785,30437376,41192912,43581440,24127652,0,0,8
1783756539785,30437376,41225784,43581440,24127692,0,0,8
1783756540793,30437376,41257224,43581440,24127692,0,0,8
1783756541802,30437376,41292216,43581440,24127732,0,0,8
1783756542809,30437376,41323872,43581440,24127732,0,0,8
1783756543823,30470144,40683024,43581440,24139363,0,0,8
1783756544834,30470144,40715176,43581440,24139363,0,0,8
1783756545848,30470144,40748048,43581440,24131839,0,0,8
1783756546861,30474240,40780176,43581440,24131839,0,0,8
1783756547873,30474240,40812688,43581440,24131879,0,0,8
1783756548879,30474240,40845904,43581440,24131879,0,0,8
1783756549889,30474240,40879392,43581440,24131919,0,0,8
1783756550888,30474240,40910632,43581440,24131919,0,0,8
1783756551901,30474240,40944216,43581440,24131959,0,0,8
1783756552988,30474240,40974616,43581440,24131959,0,0,8
1783756554004,30322688,41121968,43581440,24135398,0,0,8
1783756555016,30322688,41153640,43581440,24135398,0,0,8
1783756556027,30322688,41186984,43581440,24135438,0,0,8
1783756557041,30322688,41218256,43581440,24135438,0,0,8
1783756558055,30322688,41251984,43581440,24135478,0,0,8
1783756559066,30322688,41284632,43581440,24135478,0,0,8
1783756560075,31715328,40795376,43581440,24135550,0,0,8
1783756561083,31518720,41126992,43581440,24141748,0,0,8
1783756562084,31522816,41159760,43581440,24141788,0,0,8
1783756563087,31522816,41191056,43581440,24141788,0,0,8
1783756564094,31531008,41340720,43581440,24145227,0,0,8
1783756565103,31535104,41372184,43581440,24145227,0,0,8
1783756566111,31535104,41407256,43581440,24145267,0,0,8
1783756567122,31535104,41438744,43581440,24145267,0,0,8
1783756568129,30429184,40704104,43581440,24145307,0,0,8
1783756569137,30433280,40736032,43581440,24145307,0,0,8
1783756570147,30433280,40769152,43581440,24148223,0,0,8
1783756571160,30433280,40801168,43581440,24148223,0,0,8
1783756572174,30433280,40833880,43581440,24148263,0,0,8
1783756573186,30433280,40867648,43581440,24148263,0,0,8
1783756574198,30441472,41016520,43581440,24151702,0,0,8
1783756575200,30441472,41048504,43581440,24151702,0,0,8
1783756576204,30441472,41081232,43581440,24151742,0,0,8
1783756577218,30441472,41114456,43581440,24151742,0,0,8
1783756578227,30441472,41147824,43581440,24151782,0,0,8
1783756579236,30441472,41179376,43581440,24151782,0,0,8
1783756580250,30441472,41212800,43581440,24151822,0,0,8
1783756581262,30445568,41244152,43581440,24151822,0,0,8
1783756582262,30445568,41279440,43581440,24151862,0,0,8
1783756583276,30445568,41311104,43581440,24151862,0,0,8
1783756584288,30445568,41460528,43581440,24155301,0,0,8
1783756585297,30552064,40749200,44630016,24155301,0,0,8
1783756586304,30552064,40784272,44630016,24148223,0,0,8
1783756587313,30552064,40815688,44630016,24148223,0,0,8
1783756588327,30552064,40848448,44630016,24148263,0,0,8
1783756589333,30552064,40881000,44630016,24156455,0,0,8
1783756590344,30674944,41177784,44630016,24156997,0,0,8
1783756591350,30674944,41210320,44630016,24156997,0,0,8
1783756592356,30674944,41242976,44630016,24157037,0,0,8
1783756593364,30674944,41275104,44630016,24157037,0,0,8
1783756594367,30695424,41424080,44630016,24160476,0,0,8
1783756595375,30695424,41455672,44630016,24160476,0,0,8
1783756596386,30695424,41489184,44630016,24160516,0,0,8
1783756597396,30797824,40776360,43581440,24160516,0,0,8
1783756598408,30801920,40809760,43581440,24148223,0,0,8
1783756599408,30801920,40841200,43581440,24148223,0,0,8
1783756600415,30801920,40874096,43581440,24148263,0,0,8
1783756601415,30801920,40906224,43581440,24148263,0,0,8
1783756602430,30801920,40940696,43581440,24148303,0,0,8
1783756603430,30801920,40972552,43581440,24148303,0,0,8
1783756604442,30863360,41122720,43581440,24159934,0,0,8
1783756605452,30863360,41154984,43581440,24159934,0,0,8
1783756606467,30863360,41189800,43581440,24159974,0,0,8
1783756607470,30863360,41221928,43581440,24159974,0,0,8
1783756608483,30863360,41254640,43581440,24160014,0,0,8
1783756609486,30863360,41286816,43581440,24160014,0,0,8
1783756610498,30863360,41319304,43581440,24160054,0,0,8
1783756611511,30863360,41350744,43581440,24160054,0,0,8
1783756612523,30863360,41386008,43581440,24160094,0,0,8
1783756613533,30863360,41417280,43581440,24160094,0,0,8
1783756614536,31305728,40785304,43581440,24163533,0,0,8
1783756615547,31305728,40817032,43581440,24163533,0,0,8
1783756616561,31305728,40849720,43581440,24156415,0,0,8
1783756617574,31305728,40882016,43581440,24156415,0,0,8
1783756618584,31305728,40914720,43581440,24156455,0,0,8
1783756619594,31305728,40949320,43581440,24156455,0,0,8
1783756620604,31588352,40858912,43843584,24164810,0,0,8
1783756621609,31588352,40890592,43843584,24164810,0,0,8
1783756622616,31588352,40924128,43843584,24164850,0,0,8
1783756623628,31596544,40993448,43843584,24165975,0,0,8
1783756624642,31989760,41109160,43843584,24176481,0,0,8
1783756625655,31989760,41140456,43843584,24176481,0,0,8
1783756626665,31989760,41174184,43843584,24176521,0,0,8
1783756627678,31989760,41205456,43843584,24176521,0,0,8
1783756628688,31989760,41238800,43843584,24176561,0,0,8
1783756629695,31989760,41272048,43843584,24176561,0,0,8
1783756630696,31989760,41304352,43843584,24176601,0,0,8
1783756631702,31989760,41336648,43843584,24176601,0,0,8
1783756632712,31989760,41369520,43843584,24176641,0,0,8
1783756633719,31989760,41440616,43843584,24177806,0,0,8
1783756634725,31989760,41549912,43843584,24180080,0,0,8
1783756635738,31989760,41582864,43843584,24180120,0,0,8
1783756636751,32079872,40896360,43843584,24180120,0,0,8
1783756637752,32079872,40928816,43843584,24172799,0,0,8
1783756638761,32079872,40961184,43843584,24172799,0,0,8
1783756639769,32079872,40993864,43843584,24172839,0,0,8
1783756640779,32079872,41026552,43843584,24172839,0,0,8
1783756641789,32079872,41059336,43843584,24172879,0,0,8
1783756642804,32079872,41093248,43843584,24172879,0,0,8
1783756643809,32079872,41202128,43843584,24183361,0,0,8
1783756644821,32083968,41273688,43843584,24184510,0,0,8
1783756645827,32083968,41307216,43843584,24184550,0,0,8
1783756646839,32083968,41338656,43843584,24184550,0,0,8
1783756647839,32083968,41373752,43843584,24184590,0,0,8
1783756648842,32083968,41405192,43843584,24184590,0,0,8
1783756649856,32083968,41438424,43843584,24184630,0,0,8
1783756650867,32133120,41034912,43843584,24181437,0,0,8
1783756651873,32137216,41070608,43843584,24181477,0,0,8
1783756652880,32137216,41102128,43843584,24181477,0,0,8
1783756653886,32354304,41254224,43843584,24193108,0,0,8
1783756654887,32354304,41285688,43843584,24193108,0,0,8
1783756655901,32354304,41318344,43843584,24193148,0,0,8
1783756656915,32022528,41352520,43843584,24193148,0,0,8
1783756657928,32022528,41385032,43843584,24193188,0,0,8
1783756658941,32022528,41417328,43843584,24193188,0,0,8
1783756659956,32022528,41450200,43843584,24193228,0,0,8
1783756660966,32231424,41483048,43843584,24193228,0,0,8
1783756661980,32231424,41516416,43843584,24193268,0,0,8
1783756662980,32231424,41548016,43843584,24193268,0,0,8
1783756663991,32276480,40876360,43843584,24196707,0,0,8
1783756665002,32346112,40913584,43843584,24196707,0,0,8
1783756666010,32346112,40945632,43843584,24189183,0,0,8
1783756667024,32346112,40977808,43843584,24189183,0,0,8
1783756668037,32346112,41010008,43843584,24189223,0,0,8
1783756669036,32346112,41041656,43843584,24189223,0,0,8
1783756670049,32346112,41075048,43843584,24189263,0,0,8
1783756671058,32346112,41107792,43843584,24189263,0,0,8
1783756672070,32346112,41140544,43843584,24189303,0,0,8
1783756673072,32346112,41172328,43843584,24189303,0,0,8
1783756674084,32354304,41320296,43843584,24200934,0,0,8
1783756675094,32354304,41352816,43843584,24200934,0,0,8
1783756676105,32354304,41385184,43843584,24200974,0,0,8
1783756677117,32354304,41416504,43843584,24200974,0,0,8
1783756678129,32354304,41449944,43843584,24201014,0,0,8
1783756679140,32354304,41482752,43843584,24201014,0,0,8
1783756680148,32788480,41299016,43843584,24207284,0,0,8
1783756681163,32378880,41331264,43843584,24207284,0,0,8
1783756682175,32382976,41363472,43843584,24207324,0,0,8
1783756683179,32382976,41395672,43843584,24207324,0,0,8
1783756684188,32395264,41543472,43843584,24210763,0,0,8
1783756685197,32395264,41574816,43843584,24210763,0,0,8
1783756686208,32399360,41608040,43843584,24210803,0,0,8
1783756687216,32399360,41639448,43843584,24210803,0,0,8
1783756688224,32403456,41674544,43843584,24210843,0,0,8
1783756689229,32423936,40948088,43843584,24210843,0,0,8
1783756690238,32423936,40980864,43843584,24205567,0,0,8
1783756691245,32423936,41013064,43843584,24205567,0,0,8
1783756692256,32428032,41045792,43843584,24205607,0,0,8
1783756693269,32428032,41077872,43843584,24205607,0,0,8
1783756694278,32514048,41228984,43843584,24217238,0,0,8
1783756695290,32518144,41261920,43843584,24217238,0,0,8
1783756696301,32518144,41295384,43843584,24217278,0,0,8
1783756697311,32518144,41326704,43843584,24217278,0,0,8
1783756698323,32518144,41360096,43843584,24217318,0,0,8
1783756699336,32518144,41391552,43843584,24217318,0,0,8
1783756700350,32518144,41424256,43843584,24217358,0,0,8
1783756701363,32518144,41456432,43843584,24217358,0,0,8
1783756702376,32518144,41490832,43843584,24217398,0,0,8
1783756703389,32518144,41522840,43843584,24217398,0,0,8
1783756704402,32518144,41670296,43843584,24220837,0,0,8
1783756705413,32579584,40951352,43843584,24220837,0,0,8
1783756706424,32579584,40984600,43843584,24213759,0,0,8
1783756707438,32579584,41015696,43843584,24213759,0,0,8
1783756708452,32579584,41050376,43843584,24213799,0,0,8
1783756709467,32579584,41082216,43843584,24213799,0,0,8
1783756710478,32587776,41376464,43843584,24222533,0,0,8
1783756711491,32591872,41408712,43843584,24222533,0,0,8
1783756712497,32591872,41441272,43843584,24222573,0,0,8
1783756713509,32591872,41472760,43843584,24222573,0,0,8
1783756714523,32591872,41623088,43843584,24226012,0,0,8
1783756715535,32591872,41653632,43843584,24226012,0,0,8
1783756716542,32595968,41686240,43843584,24226052,0,0,8
1783756717554,31932416,40964272,43843584,24226052,0,0,8
1783756718565,31932416,40996664,43843584,24213759,0,0,8
1783756719580,31932416,41028840,43843584,24213759,0,0,8
1783756720588,31932416,41061280,43843584,24213799,0,0,8
1783756721602,31932416,41093288,43843584,24213799,0,0,8
1783756722612,31932416,41127584,43843584,24213839,0,0,8
1783756723677,31936512,41158864,43843584,24213839,0,0,8
1783756724688,31948800,41307280,43843584,24225470,0,0,8
1783756725700,31956992,41338624,43843584,24225470,0,0,8
1783756726712,31956992,41372088,43843584,24225510,0,0,8
1783756727723,31956992,41403504,43843584,24225510,0,0,8
1783756728738,31956992,41436040,43843584,24225550,0,0,8
1783756729749,31956992,41468432,43843584,24225550,0,0,8
1783756730761,31956992,41502504,43843584,24225590,0,0,8
1783756731771,31956992,41534680,43843584,24225590,0,0,8
1783756732782,31956992,41567600,43843584,24225630,0,0,8
1783756733783,31956992,41636296,43843584,24226755,0,0,8
1783756734793,31977472,40978656,43843584,24221951,0,0,8
1783756735798,31977472,41010264,43843584,24221951,0,0,8
1783756736798,31977472,41042688,43843584,24221991,0,0,8
1783756737809,31977472,41074528,43843584,24221991,0,0,8
1783756738820,31977472,41108768,43843584,24222031,0,0,8
1783756739832,31977472,41142480,43843584,24222031,0,0,8
1783756740843,32260096,40989400,44105728,24230143,0,0,8
1783756741853,32268288,41020736,44105728,24230143,0,0,8
1783756742864,32268288,41054152,44105728,24230183,0,0,8
1783756743872,32288768,41125152,44105728,24231308,0,0,8
1783756744886,56885248,36770656,44105728,23128834,0,0,8
1783756745899,56885248,36803912,44105728,23137026,0,0,8
1783756746909,56885248,36836272,44105728,23137066,0,0,8
1783756747916,56885248,36868520,44105728,23137066,0,0,8
1783756748927,56885248,36900912,44105728,23137106,0,0,8
1783756749938,56885248,36933000,44105728,23137106,0,0,8
1783756750950,56885248,36965608,44105728,23137146,0,0,8
1783756751958,56885248,36998504,44105728,23137146,0,0,8
1783756752958,56885248,37031920,44105728,23137186,0,0,8
1783756753965,56893440,37188048,44105728,23140585,0,0,8
1783756754967,56893440,37221264,44105728,23140625,0,0,8
1783756755966,56893440,37252584,44105728,23140625,0,0,8
1783756756973,56893440,37285184,44105728,23140665,0,0,8
1783756757977,56893440,37317360,44105728,23140665,0,0,8
1783756758990,56893440,37351768,44105728,23140705,0,0,8
1783756759994,56893440,37383992,44105728,23140705,0,0,8
1783756761003,56893440,37416360,44105728,23140745,0,0,8
1783756762013,56893440,37447680,44105728,23140745,0,0,8
1783756763022,56893440,37480952,44105728,23140785,0,0,8
1783756764033,56918016,36852264,44105728,23144184,0,0,8
1783756765042,56918016,36887896,44105728,23145218,0,0,8
1783756766053,56918016,36919072,44105728,23145218,0,0,8
1783756767068,56918016,36951464,44105728,23145258,0,0,8
1783756768078,56918016,36983880,44105728,23145258,0,0,8
1783756769088,56918016,37016608,44105728,23145298,0,0,8
1783756770092,57409536,37377424,44105728,23145800,0,0,8
1783756771096,57409536,37410056,44105728,23145840,0,0,8
1783756772104,57409536,37441400,44105728,23145840,0,0,8
1783756773118,57409536,37474816,44105728,23145880,0,0,8
1783756774131,57430016,36923248,44105728,23149279,0,0,8
1783756775145,57430016,36955832,44105728,23145218,0,0,8
1783756776155,57430016,36987648,44105728,23145218,0,0,8
1783756777168,57430016,37020232,44105728,23145258,0,0,8
1783756778182,57430016,37052384,44105728,23145258,0,0,8
1783756779192,57430016,37084760,44105728,23145298,0,0,8
1783756780199,57430016,37118664,44105728,23145298,0,0,8
1783756781211,57430016,37151368,44105728,23145338,0,0,8
1783756782211,57430016,37182632,44105728,23145338,0,0,8
1783756783212,57430016,37215680,44105728,23145378,0,0,8
1783756784223,57700352,37364168,44105728,23156969,0,0,8
1783756785225,57700352,37396416,44105728,23157009,0,0,8
1783756786240,57700352,37428128,44105728,23157009,0,0,8
1783756787251,57700352,37460496,44105728,23157049,0,0,8
1783756788264,57700352,37491816,44105728,23157049,0,0,8
1783756789274,57700352,37526960,44105728,23157089,0,0,8
1783756790289,57704448,37558168,44105728,23157089,0,0,8
1783756791289,57704448,37591248,44105728,23157129,0,0,8
1783756792305,57704448,37622376,44105728,23157129,0,0,8
1783756793312,57704448,37655624,44105728,23157169,0,0,8
1783756794316,57704448,37071848,44105728,23156769,0,0,8
1783756795325,57704448,37104816,44105728,23156809,0,0,8
1783756796340,57704448,37136736,44105728,23156809,0,0,8
1783756797341,57704448,37169296,44105728,23156849,0,0,8
1783756798351,57704448,37201376,44105728,23156849,0,0,8
1783756799358,57704448,37237128,44105728,23156889,0,0,8
1783756800363,57008128,37132392,45154304,23162833,0,0,8
1783756801375,57008128,37164968,45154304,23162873,0,0,8
1783756802387,57008128,37195616,45154304,23162873,0,0,8
1783756803394,57008128,37227984,45154304,23162913,0,0,8
1783756804407,57016320,37378688,45154304,23174504,0,0,8
1783756805417,57016320,37411192,45154304,23174544,0,0,8
1783756806431,57016320,37444928,45154304,23174544,0,0,8
1783756807442,57016320,37477704,45154304,23174584,0,0,8
1783756808449,57016320,37508880,45154304,23174584,0,0,8
1783756809461,57016320,37541960,45154304,23174624,0,0,8
1783756810467,57016320,37573184,45154304,23174624,0,0,8
1783756811475,57016320,37605648,45154304,23174664,0,0,8
1783756812476,57016320,37638248,45154304,23174664,0,0,8
1783756813478,57016320,37670856,45154304,23174704,0,0,8
1783756814491,57053184,37068240,44105728,23172028,0,0,8
1783756815504,57053184,37100824,44105728,23172068,0,0,8
1783756816505,57053184,37131856,44105728,23172068,0,0,8
1783756817517,57053184,37165048,44105728,23172108,0,0,8
1783756818527,57053184,37197440,44105728,23172148,0,0,8
1783756819536,57053184,37229664,44105728,23172148,0,0,8
1783756820541,57053184,37263904,44105728,23172188,0,0,8
1783756821552,57053184,37295056,44105728,23172188,0,0,8
1783756822566,57053184,37328440,44105728,23172228,0,0,8
1783756823568,57053184,37359368,44105728,23172228,0,0,8
1783756824568,57524224,37513536,44105728,23183859,0,0,8
1783756825582,57524224,37545200,44105728,23183859,0,0,8
1783756826592,57524224,37577312,44105728,23183899,0,0,8
1783756827591,57524224,37609456,44105728,23183899,0,0,8
1783756828592,57524224,37641840,44105728,23183939,0,0,8
1783756829605,57524224,37673160,44105728,23183939,0,0,8
1783756830616,57552896,37152632,44105728,23178472,0,0,8
1783756831627,57552896,37184024,44105728,23178472,0,0,8
1783756832627,57552896,37216336,44105728,23178512,0,0,8
1783756833640,57552896,37248344,44105728,23178512,0,0,8
1783756834652,57552896,37399280,44105728,23190143,0,0,8
1783756835665,57552896,37431536,44105728,23190143,0,0,8
1783756836679,57552896,37463904,44105728,23190183,0,0,8
1783756837679,57552896,37495216,44105728,23190183,0,0,8
1783756838683,57552896,37528440,44105728,23190223,0,0,8
1783756839690,57552896,37559368,44105728,23190223,0,0,8
1783756840704,57552896,37594048,44105728,23190263,0,0,8
1783756841717,57552896,37626056,44105728,23190263,0,0,8
1783756842721,57552896,37658424,44105728,23190303,0,0,8
1783756843731,57556992,37727848,44105728,23191428,0,0,8
1783756844736,57565184,37059248,44105728,23187327,0,0,8
1783756845739,57565184,37090592,44105728,23187327,0,0,8
1783756846750,57565184,37125960,44105728,23187367,0,0,8
1783756847764,44097536,37156944,44105728,23187367,0,0,8
1783756848777,44101632,37190368,44105728,23187407,0,0,8
1783756849791,44101632,37221816,44105728,23187407,0,0,8
1783756850792,44101632,37256912,44105728,23187447,0,0,8
1783756851795,44105728,37288288,44105728,23187447,0,0,8
1783756852806,44109824,37321952,44105728,23187487,0,0,8
1783756853821,44113920,37390536,44105728,23188612,0,0,8
1783756854834,44118016,37502352,44105728,23199118,0,0,8
1783756855840,44122112,37535664,44105728,23199118,0,0,8
1783756856854,44122112,37568968,44105728,23199158,0,0,8
1783756857863,44126208,37600368,44105728,23199158,0,0,8
1783756858875,44126208,37634408,44105728,23199198,0,0,8
1783756859886,44126208,37666136,44105728,23199198,0,0,8
1783756860891,44486656,37413800,44105728,23204319,0,0,8
1783756861907,44490752,37446216,44105728,23204319,0,0,8
1783756862913,37056512,37480160,44105728,23204359,0,0,8
1783756863917,37060608,37551352,44105728,23205484,0,0,8
1783756864928,37068800,37663456,44105728,23207798,0,0,8
1783756865934,37076992,37694800,44105728,23207798,0,0,8
1783756866941,37076992,37728320,44105728,23207838,0,0,8
1783756867953,37076992,37759656,44105728,23207838,0,0,8
1783756868958,37109760,37017512,44105728,23202562,0,0,8
1783756869971,37109760,37049600,44105728,23202562,0,0,8
1783756870986,37109760,37082600,44105728,23202602,0,0,8
1783756871992,37109760,37114632,44105728,23202602,0,0,8
1783756873005,37109760,37147192,44105728,23202642,0,0,8
1783756874017,37109760,37256560,44105728,23204892,0,0,8
1783756875028,37109760,37330680,44105728,23214273,0,0,8
1783756876037,37109760,37359592,44105728,23214273,0,0,8
1783756877048,37109760,37393904,44105728,23214313,0,0,8
1783756878055,37109760,37425936,44105728,23214313,0,0,8
1783756879064,37109760,37458272,44105728,23214353,0,0,8
1783756880076,37109760,37490480,44105728,23214353,0,0,8
1783756881083,37113856,37524912,44105728,23214393,0,0,8
1783756882091,37113856,37556088,44105728,23214393,0,0,8
1783756883106,37117952,37589528,44105728,23214433,0,0,8
1783756884118,37117952,37737760,44105728,23217832,0,0,8
1783756885131,37122048,37771224,44105728,23217872,0,0,8
1783756886136,37138432,37054120,44105728,23217872,0,0,8
1783756887142,37142528,37087712,44105728,23210754,0,0,8
1783756888153,37142528,37119464,44105728,23210754,0,0,8
1783756889165,37142528,37152240,44105728,23210794,0,0,8
1783756890175,37265408,37446160,44105728,23219488,0,0,8
1783756891185,37269504,37479688,44105728,23219528,0,0,8
1783756892187,37269504,37511024,44105728,23219528,0,0,8
1783756893197,37269504,37543560,44105728,23219568,0,0,8
1783756894209,37269504,37691192,44105728,23222967,0,0,8
1783756895223,37269504,37723800,44105728,23223007,0,0,8
1783756896235,37269504,37758032,44105728,23223007,0,0,8
1783756897246,37273600,37790568,44105728,23223047,0,0,8
1783756898253,37298176,37074400,44105728,23223047,0,0,8
1783756899268,37298176,37106960,44105728,23210754,0,0,8
1783756900308,37302272,37138944,44105728,23210754,0,0,8
1783756901297,37306368,37171608,44105728,23210794,0,0,8
1783756902305,37306368,37202928,44105728,23210794,0,0,8
1783756903317,37306368,37236136,44105728,23210834,0,0,8
1783756904326,37306368,37386968,44105728,23222425,0,0,8
1783756905337,37310464,37420408,44105728,23222465,0,0,8
1783756906348,37314560,37451584,44105728,23222465,0,0,8
1783756907347,37318656,37483912,44105728,23222505,0,0,8
1783756913971,105394176,33724608,69009408,21762658,0,0,8
1783756914971,106971136,38050624,69533696,21892850,0,0,8
1783756915986,107196416,38182144,69533696,21899007,0,0,8
1783756916991,107393024,38379472,69533696,21926697,0,0,8
1783756917995,107393024,38423792,69533696,21926697,0,0,8
1783756919007,107393024,38469912,69533696,21926737,0,0,8
1783756920068,108998656,38749896,69795840,21926769,0,0,8
1783756921082,109600768,39416432,69795840,21928566,0,0,8
1783756922088,109600768,39461744,69795840,21928566,0,0,8
1783756923094,109617152,39525096,69795840,21928606,0,0,8
1783756931573,105742336,34831800,69271552,21790083,0,0,8
1783756932578,106733568,38056936,69533696,21892850,0,0,8
1783756933588,106983424,38222304,69533696,21907423,0,0,8
1783756934596,107106304,38389888,69533696,21926701,0,0,8
1783756935603,107106304,38435416,69533696,21926701,0,0,8
1783756936604,107106304,38483912,69533696,21926741,0,0,8
1783756937608,107106304,38531736,69533696,21926741,0,0,8
1783756941607,105676800,35082552,69271552,21800677,0,0,8
1783756942612,106299392,38180640,69533696,21901058,0,0,8
1783756943614,106573824,38313504,69533696,21907217,0,0,8
1783756944624,106754048,38495896,69533696,21926670,0,0,8
1783756945638,106762240,38550592,69533696,21926717,0,0,8
1783756946648,106762240,38593840,69533696,21926717,0,0,8
1783756947687,106762240,38635504,69533696,21926757,0,0,8
1783756948687,106762240,38669480,69533696,21926757,0,0,8
1783756949692,106795008,38716432,69533696,21926797,0,0,8
1783756950705,107995136,39224728,69795840,21927299,0,0,8
1783756951707,108224512,39607832,69795840,21938930,0,0,8
1783756952716,108883968,39961744,69795840,21967633,0,0,8
1783756953719,108883968,40009160,69795840,21967673,0,0,8
1783756954723,108883968,40053144,69795840,21967673,0,0,8
1783756955731,108883968,40099848,69795840,21967713,0,0,8
1783756956732,108892160,40152776,69795840,21967753,0,0,8
1783756957745,88133632,33456960,37552128,21785666,0,0,8
1783756958758,88133632,33503656,37552128,21785706,0,0,8
1783756959758,88199168,33547600,37552128,21785706,0,0,8
1783756960768,88211456,33597840,37552128,21785746,0,0,8
1783756961777,88535040,33830040,37552128,21789145,0,0,8
1783756962783,88657920,34020704,37552128,21800776,0,0,8
1783756963793,88723456,34065896,37552128,21800776,0,0,8
1783756964802,88788992,34111984,37552128,21800816,0,0,8
1783756965813,88854528,34157176,37552128,21800816,0,0,8
1783756966825,88854528,34202392,37552128,21800856,0,0,8
1783756967825,88887296,34249504,37552128,21800856,0,0,8
1783756968832,88997888,33544784,38600704,21793898,0,0,8
1783756969846,89038848,33588752,38600704,21793898,0,0,8
1783756970853,89083904,33635024,38600704,21793938,0,0,8
1783756971871,89362432,33853616,38600704,21797337,0,0,8
1783756972874,89182208,34074960,38600704,21808968,0,0,8
1783756973878,89272320,34120344,38600704,21808968,0,0,8
1783756974889,89341952,34167048,38600704,21809008,0,0,8
1783756975892,89341952,34215184,38600704,21809008,0,0,8
1783756976901,89407488,34261440,38600704,21809048,0,0,8
1783756977909,89513984,34306952,38600704,21809048,0,0,8
1783756978920,89559040,34354048,38600704,21809088,0,0,8
1783756979926,89567232,33691592,37552128,21809088,0,0,8
1783756980935,90021888,33908312,37814272,21810282,0,0,8
1783756981940,90165248,34153368,37814272,21822998,0,0,8
1783756982954,90165248,34272552,37814272,21825312,0,0,8
1783756983957,90165248,34317480,37814272,21825312,0,0,8
1783756984968,90202112,34364080,37814272,21825352,0,0,8
1783756985980,90202112,34409408,37814272,21825352,0,0,8
1783756986988,90202112,34455280,37814272,21825392,0,0,8
1783756988002,90202112,34499616,37814272,21825392,0,0,8
1783756989009,90202112,34545840,37814272,21825432,0,0,8
1783756990017,90202112,34593320,37814272,21825432,0,0,8
1783756991028,90222592,34638856,37814272,21825472,0,0,8
1783756992031,90570752,34267256,37814272,21833424,0,0,8
1783756993045,90570752,34313176,37814272,21833464,0,0,8
1783756994051,90570752,34358200,37814272,21833464,0,0,8
1783756995056,90595328,34405088,37814272,21833504,0,0,8
1783756996073,90595328,34449224,37814272,21833504,0,0,8
1783756997077,90595328,34495368,37814272,21833544,0,0,8
1783757002781,105824256,33743176,69271552,21753662,0,0,8
1783757003786,107200512,38187080,69795840,21901042,0,0,8
1783757004788,107229184,38272952,69795840,21901286,0,0,8
1783757005802,107577344,38474496,69795840,21926620,0,0,8
1783757006811,107638784,38559608,69795840,21926699,0,0,8
1783757007819,107638784,38606008,69795840,21926739,0,0,8
1783757008828,107638784,38650952,69795840,21926739,0,0,8
1783757009838,107638784,38697240,69795840,21926779,0,0,8
1783757010840,108900352,39174760,70057984,21927281,0,0,8
1783757011844,108920832,39243992,70057984,21935513,0,0,8
1783757012843,109002752,39466048,70057984,21936638,0,0,8
1783757013849,109699072,39983944,70057984,21967655,0,0,8
1783757014863,109699072,40028552,70057984,21967655,0,0,8
1783757015870,109699072,40074376,70057984,21967695,0,0,8
1783757016880,109699072,40119576,70057984,21967695,0,0,8
1783757017894,109703168,40172928,70057984,21967735,0,0,8
1783757018908,88276992,33448936,37027840,21800906,0,0,8
1783757019921,88281088,33502544,37027840,21800946,0,0,8
1783757020935,88346624,33546568,37027840,21800946,0,0,8
1783757021945,88416256,33593360,37027840,21800986,0,0,8
1783757022946,88649728,33826016,37027840,21804385,0,0,8
1783757023957,88842240,34020848,37027840,21816016,0,0,8
1783757024958,88842240,34061576,37027840,21816016,0,0,8
1783757026127,88735744,34102560,37027840,21816056,0,0,8
1783757027144,88772608,34139480,37027840,21816096,0,0,8
1783757028147,88772608,34178536,37027840,21816096,0,0,8
1783757029157,75677696,33867336,38076416,21809138,0,0,8
1783757030176,77094912,34317152,37552128,21809138,0,0,8
1783757031176,77094912,34361928,37552128,21809138,0,0,8
1783757032190,49610752,34406160,37552128,21809138,0,0,8
1783757033203,49770496,34701024,37552128,21823019,0,0,8
1783757034209,53030912,34838904,37552128,21824168,0,0,8
1783757035221,53035008,34885920,37552128,21824208,0,0,8
1783757036225,53460992,34485320,38076416,21824208,0,0,8
1783757037230,53583872,34535048,38076416,21817330,0,0,8
1783757038241,53653504,34576264,38076416,21817330,0,0,8
1783757039254,53657600,34626080,38076416,21817370,0,0,8
1783757040276,46407680,34777864,38076416,21826267,0,0,8
1783757041281,46424064,34855352,38076416,21826550,0,0,8
1783757042289,46428160,34900488,38076416,21826550,0,0,8
1783757043295,46452736,35235160,38076416,21841580,0,0,8
1783757044303,46624768,35280936,38076416,21841580,0,0,8
1783757045308,46624768,35326664,38076416,21841620,0,0,8
1783757046311,45486080,35374496,38076416,21841620,0,0,8
1783757047318,45486080,35420760,38076416,21841660,0,0,8
1783757048328,45752320,34743520,38076416,21841660,0,0,8
1783757049337,55459840,37473672,41222144,23244024,0,0,8
1783757050386,61829120,39171744,42795008,23250635,0,0,8
1783757051388,64765952,39950696,45678592,23361253,0,0,8
1783757052389,64860160,40752288,45678592,23395476,0,0,8
1783757053391,65196032,41077152,45678592,23410506,0,0,8
1783757054394,77180928,38033176,45940736,23410506,0,0,8
1783757055405,77193216,38100312,45940736,23164054,0,0,8
1783757056406,77193216,38149976,45940736,23164054,0,0,8
1783757057433,77230080,38217832,45940736,23164094,0,0,8
1783757058443,77242368,38268192,45940736,23164094,0,0,8
1783757059443,77262848,38323816,45940736,23164134,0,0,8
1783757060447,77262848,38374232,45940736,23164134,0,0,8
1783757061448,77262848,38428936,45940736,23164174,0,0,8
1783757062460,77266944,38480352,45940736,23164174,0,0,8
1783757063464,77266944,38819264,45940736,23179204,0,0,8
1783757064469,77266944,38867896,45940736,23179204,0,0,8
1783757065483,77266944,38922160,45940736,23179244,0,0,8
1783757066486,77283328,38974656,45940736,23179244,0,0,8
1783757067488,77316096,39024896,45940736,23179284,0,0,8
1783757068497,77406208,39074896,45940736,23179284,0,0,8
1783757069498,77430784,39119328,45940736,23179324,0,0,8
1783757070505,78049280,39519504,45940736,23188018,0,0,8
1783757071512,78168064,39559544,45940736,23188058,0,0,8
1783757072522,78200832,39595216,45940736,23188058,0,0,8
1783757073531,77668352,38357200,42795008,23193178,0,0,8
1783757074536,77668352,38393320,42795008,23193178,0,0,8
1783757075544,78106624,38455152,42795008,23193225,0,0,8
1783757076553,78106624,38491576,42795008,23193225,0,0,8
1783757077565,78118912,38535280,42795008,23193265,0,0,8
1783757078571,78123008,38580568,42795008,23193265,0,0,8
1783757079575,78155776,38624176,42795008,23193305,0,0,8
1783757080590,78155776,38661272,42795008,23193305,0,0,8
1783757081599,78155776,38698312,42795008,23193345,0,0,8
1783757082608,78155776,38734296,42795008,23193345,0,0,8
1783757083619,77991936,39105784,42795008,23208375,0,0,8
1783757084627,77991936,39140184,42795008,23208375,0,0,8
1783757085641,78049280,38308208,42795008,23196829,0,0,8
1783757086654,78114816,38343608,42795008,23196829,0,0,8
1783757087664,78114816,38379400,42795008,23196869,0,0,8
1783757088678,78114816,38414296,42795008,23196869,0,0,8
1783757089687,78114816,38452088,42795008,23196909,0,0,8
1783757090700,78114816,38487320,42795008,23196909,0,0,8
1783757091712,78114816,38523088,42795008,23196949,0,0,8
1783757092724,78114816,38557680,42795008,23196949,0,0,8
1783757093736,78168064,38864576,42795008,23211979,0,0,8
1783757094745,78168064,38898976,42795008,23211979,0,0,8
1783757095755,78168064,38938056,42795008,23212019,0,0,8
1783757096764,78168064,38972120,42795008,23212019,0,0,8
1783757097778,78168064,39007968,42795008,23212059,0,0,8
1783757098781,78168064,38295536,42795008,23212059,0,0,8
1783757099791,78168064,38331328,42795008,23196829,0,0,8
1783757100799,80146432,39013376,42795008,23206778,0,0,8
1783757101803,80154624,39056280,42795008,23206818,0,0,8
1783757102812,78082048,38353704,42795008,23206818,0,0,8
1783757103822,78082048,38650640,42795008,23220018,0,0,8
1783757104831,78352384,38689128,42795008,23220018,0,0,8
1783757105841,78458880,38731272,42795008,23220058,0,0,8
1783757106857,78458880,38765672,42795008,23220058,0,0,8
1783757107867,78458880,38802344,42795008,23220098,0,0,8
1783757108878,78573568,38844416,42795008,23220098,0,0,8
1783757109891,77676544,38889352,42795008,23220138,0,0,8
1783757110905,77729792,38924576,42795008,23220138,0,0,8
1783757111918,78196736,38996216,42795008,23220178,0,0,8
1783757112931,78233600,39077144,42795008,23221303,0,0,8
1783757113945,78233600,38630504,42795008,23224811,0,0,8
1783757114959,78229504,38678144,42795008,23224811,0,0,8
1783757115973,78229504,38713664,42795008,23224851,0,0,8
1783757116987,78229504,38745592,42795008,23224851,0,0,8
1783757117987,78229504,38779048,42795008,23224891,0,0,8
1783757118999,78229504,38810760,42795008,23224891,0,0,8
1783757119999,78229504,38843856,42795008,23224931,0,0,8
1783757121003,78229504,38878328,42795008,23224931,0,0,8
1783757122012,78229504,38911432,42795008,23224971,0,0,8
1783757123027,78229504,39023432,42795008,23227221,0,0,8
1783757124041,78233600,38497520,42795008,23240001,0,0,8
1783757125040,78233600,38529200,42795008,23240001,0,0,8
1783757126052,78233600,38569472,42795008,23221419,0,0,8
1783757127056,78233600,38603600,42795008,23221419,0,0,8
1783757128064,78233600,38636728,42795008,23221459,0,0,8
1783757129079,78233600,38669400,42795008,23221459,0,0,8
1783757130086,78614528,38951456,42795008,23221758,0,0,8
1783757131089,78614528,39011856,42795008,23222001,0,0,8
1783757132103,78831616,39046056,42795008,23222041,0,0,8
1783757133114,78835712,39200688,42795008,23233632,0,0,8
1783757134127,77791232,38593832,42795008,23223653,0,0,8
1783757135140,77791232,38627432,42795008,23223653,0,0,8
1783757136153,77791232,38660392,42795008,23223693,0,0,8
1783757137167,77791232,38693240,42795008,23231885,0,0,8
1783757138182,77791232,38726496,42795008,23231925,0,0,8
1783757139193,77791232,38759088,42795008,23231925,0,0,8
1783757140206,77791232,38792264,42795008,23231965,0,0,8
1783757141219,77791232,38824000,42795008,23231965,0,0,8
1783757142220,77791232,38859632,42795008,23232005,0,0,8
1783757143220,77791232,39016792,42795008,23235404,0,0,8
1783757144233,77791232,39182656,42795008,23247035,0,0,8
1783757145234,77791232,39215176,42795008,23247035,0,0,8
1783757146248,77791232,39248520,42795008,23247075,0,0,8
1783757147260,77791232,38504272,42795008,23247075,0,0,8
1783757148271,77791232,38537920,42795008,23229611,0,0,8
1783757149284,77791232,38569872,42795008,23229611,0,0,8
1783757150295,77791232,38613088,42795008,23229658,0,0,8
1783757151307,77791232,38644824,42795008,23229658,0,0,8
1783757152321,77791232,38678000,42795008,23229698,0,0,8
1783757153322,77791232,38834576,42795008,23233097,0,0,8
1783757154336,77791232,39002080,42795008,23244728,0,0,8
1783757155348,77791232,39034664,42795008,23244728,0,0,8
1783757156359,77791232,39068008,42795008,23244768,0,0,8
1783757157372,77791232,39101448,42795008,23244768,0,0,8
1783757158381,77791232,39135312,42795008,23244808,0,0,8
1783757159392,77791232,39167048,42795008,23244808,0,0,8
1783757160400,78569472,38929528,42795008,23239245,0,0,8
1783757161413,58957824,38990064,42795008,23239488,0,0,8
1783757162422,58957824,39023216,42795008,23239528,0,0,8
1783757163435,58966016,39186328,42795008,23242927,0,0,8
1783757164446,58134528,38580288,43843584,23254558,0,0,8
1783757165448,58134528,38612432,43843584,23254558,0,0,8
1783757166455,58134528,38647184,43843584,23246002,0,0,8
1783757167461,58134528,38679056,43843584,23246002,0,0,8
1783757168468,58134528,38713016,43843584,23246042,0,0,8
1783757169477,58134528,38744608,43843584,23246042,0,0,8
1783757170484,58134528,38777648,43843584,23246082,0,0,8
1783757171486,58134528,38812088,43843584,23246082,0,0,8
1783757172495,46764032,38845192,43843584,23246122,0,0,8
1783757173506,46764032,39001768,43843584,23249521,0,0,8
1783757174511,46768128,39169000,43843584,23261152,0,0,8
1783757175522,46772224,39207856,43843584,23261159,0,0,8
1783757176529,46772224,39243784,43843584,23261199,0,0,8
1783757177539,46772224,39275656,43843584,23261199,0,0,8
1783757178553,46772224,39309280,43843584,23261239,0,0,8
1783757179555,46809088,38585496,42795008,23261239,0,0,8
1783757180567,46809088,38618288,42795008,23254201,0,0,8
1783757181581,46813184,38651696,42795008,23254201,0,0,8
1783757182593,46813184,38687376,42795008,23254241,0,0,8
1783757183602,47005696,38890744,42795008,23257640,0,0,8
1783757184612,47005696,39057288,42795008,23269271,0,0,8
1783757185622,47005696,39089240,42795008,23269271,0,0,8
1783757186635,39870464,39122360,42795008,23269311,0,0,8
1783757187647,39870464,39154616,42795008,23269311,0,0,8
1783757188660,39870464,39189640,42795008,23269351,0,0,8
1783757189668,39870464,39222208,42795008,23269351,0,0,8
1783757190676,39936000,38770128,42795008,23262879,0,0,8
1783757191683,39936000,38802768,42795008,23262879,0,0,8
1783757192694,39936000,38835968,42795008,23262919,0,0,8
1783757193701,39940096,38988944,42795008,23274510,0,0,8
1783757194709,39940096,39155208,42795008,23277949,0,0,8
1783757195715,39940096,39186920,42795008,23277949,0,0,8
1783757196725,39940096,39219856,42795008,23277989,0,0,8
1783757197736,39940096,39252472,42795008,23277989,0,0,8
1783757198749,39940096,39285520,42795008,23278029,0,0,8
1783757199762,39940096,39317920,42795008,23278029,0,0,8
1783757200776,39948288,39360016,42795008,23278076,0,0,8
1783757201789,40120320,38651408,42795008,23278076,0,0,8
1783757202803,40120320,38685056,42795008,23270592,0,0,8
1783757203816,40120320,38839112,42795008,23282183,0,0,8
1783757204829,40611840,39008912,42795008,23285622,0,0,8
1783757205843,40615936,39040480,42795008,23285622,0,0,8
1783757206844,40615936,39075304,42795008,23285662,0,0,8
1783757207855,40615936,39108440,42795008,23293854,0,0,8
1783757208868,40620032,39141424,42795008,23293894,0,0,8
1783757209882,40620032,39174232,42795008,23293894,0,0,8
1783757210894,40620032,39207336,42795008,23293934,0,0,8
1783757211908,40624128,39238768,42795008,23293934,0,0,8
1783757212922,40624128,39272232,42795008,23293974,0,0,8
1783757213935,40689664,38681472,42795008,23297373,0,0,8
1783757214935,40689664,38844920,42795008,23290375,0,0,8
1783757215951,40689664,38876896,42795008,23290375,0,0,8
1783757216961,40689664,38910000,42795008,23290415,0,0,8
1783757217975,40689664,38942400,42795008,23290415,0,0,8
1783757218974,40689664,38975496,42795008,23290455,0,0,8
1783757219987,40689664,39006872,42795008,23290455,0,0,8
1783757221002,41037824,38887728,42795008,23280016,0,0,8
1783757222017,41037824,38921456,42795008,23288208,0,0,8
1783757223025,41037824,38995024,42795008,23289373,0,0,8
1783757224026,41037824,39108952,42795008,23291647,0,0,8
1783757225025,41037824,39272760,42795008,23295086,0,0,8
1783757226027,41037824,39312208,42795008,23303285,0,0,8
1783757227027,41037824,39345280,42795008,23303325,0,0,8
1783757228036,41041920,39377208,42795008,23303325,0,0,8
1783757229045,41041920,39411152,42795008,23303365,0,0,8
1783757230057,41041920,39442888,42795008,23303365,0,0,8
1783757231072,40247296,38734152,42795008,23303405,0,0,8
1783757232086,40247296,38766576,42795008,23303405,0,0,8
1783757233100,40251392,38840800,42795008,23296300,0,0,8
1783757234112,40251392,38957480,42795008,23298574,0,0,8
1783757235123,40251392,39121552,42795008,23310205,0,0,8
1783757236134,40251392,39153096,42795008,23310205,0,0,8
1783757237143,40251392,39187120,42795008,23310245,0,0,8
1783757238154,40251392,39218832,42795008,23310245,0,0,8
1783757239165,40251392,39254496,42795008,23310285,0,0,8
1783757240171,40251392,39286424,42795008,23310285,0,0,8
1783757241186,40251392,39321200,42795008,23310325,0,0,8
1783757242201,40251392,39353432,42795008,23310325,0,0,8
1783757243209,40316928,38767384,42795008,23313764,0,0,8
1783757244210,40316928,38799920,42795008,23313764,0,0,8
1783757245223,40316928,38963920,42795008,23314958,0,0,8
1783757246234,40316928,38997432,42795008,23314958,0,0,8
1783757247245,40321024,39031392,42795008,23314998,0,0,8
1783757248258,40325120,39063128,42795008,23314998,0,0,8
1783757249264,40329216,39097160,42795008,23315038,0,0,8
1783757250276,41213952,39413864,42795008,23315540,0,0,8
1783757251285,41213952,39451280,42795008,23315580,0,0,8
1783757252295,41213952,39484064,42795008,23315580,0,0,8
1783757253304,40558592,38886144,42795008,23321985,0,0,8
1783757254316,35000320,38918736,42795008,23321985,0,0,8
1783757255318,35319808,39086552,42795008,23325424,0,0,8
1783757256325,35319808,39118120,42795008,23325424,0,0,8
1783757257332,32321536,39152080,42795008,23325464,0,0,8
1783757258339,32321536,39183864,42795008,23325464,0,0,8
1783757259350,32325632,39217824,42795008,23325504,0,0,8
1783757260364,32325632,39250808,42795008,23325544,0,0,8
1783757261368,32325632,39284224,42795008,23325544,0,0,8
1783757262379,32325632,39318096,42795008,23325584,0,0,8
1783757263395,32391168,39472600,42795008,23337175,0,0,8
1783757264396,32395264,39537624,42795008,23337215,0,0,8
1783757265407,32530432,38945304,42795008,23330177,0,0,8
1783757266419,32530432,38978456,42795008,23330217,0,0,8
1783757267431,32530432,39012792,42795008,23330217,0,0,8
1783757268432,32530432,39045672,42795008,23330257,0,0,8
1783757269446,32534528,39077384,42795008,23330257,0,0,8
1783757270459,34775040,39161960,42795008,23330303,0,0,8
1783757271466,34775040,39193696,42795008,23330303,0,0,8
1783757272479,34775040,39227656,42795008,23330343,0,0,8
1783757273493,35364864,39392520,43057152,23341934,0,0,8
1783757274507,35385344,39436144,43057152,23341974,0,0,8
1783757275521,35385344,39590200,43057152,23345373,0,0,8
1783757276520,35385344,39623976,43057152,23345413,0,0,8
1783757277531,35414016,38937152,43057152,23353605,0,0,8
1783757278542,35418112,38970304,43057152,23336141,0,0,8
1783757279543,35418112,39002424,43057152,23336141,0,0,8
1783757280557,36655104,39659224,43057152,23337931,0,0,8
1783757281571,35115008,38947944,43057152,23337931,0,0,8
1783757282580,35115008,38981976,43057152,23336141,0,0,8
1783757283581,35115008,39136168,43057152,23347732,0,0,8
1783757284594,35115008,39212352,43057152,23348897,0,0,8
1783757285605,35115008,39331216,43057152,23351171,0,0,8
1783757286618,35115008,39361968,43057152,23351211,0,0,8
1783757287632,35115008,39393680,43057152,23351211,0,0,8
1783757288646,35115008,39429272,43057152,23351251,0,0,8
1783757289651,35115008,39461152,43057152,23351251,0,0,8
1783757290666,35115008,39494256,43057152,23351291,0,0,8
1783757291679,35115008,39526704,43057152,23351291,0,0,8
1783757292694,35115008,39559808,43057152,23351331,0,0,8
1783757293702,35119104,39713592,43057152,23362922,0,0,8
1783757294716,35127296,39166160,43057152,23355924,0,0,8
1783757295730,35127296,39197784,43057152,23355924,0,0,8
1783757296741,35127296,39231432,43057152,23355964,0,0,8
1783757297749,35127296,39263608,43057152,23364156,0,0,8
1783757298749,36507648,39297224,43057152,23364196,0,0,8
1783757299762,36507648,39328960,43057152,23364196,0,0,8
1783757300777,36507648,39361944,43057152,23364236,0,0,8
1783757301791,36507648,39397720,43057152,23364236,0,0,8
1783757302795,36507648,39430936,43057152,23364276,0,0,8
1783757303809,36507648,39584304,43057152,23367675,0,0,8
1783757304823,36507648,39713984,43057152,23369965,0,0,8
1783757305836,36671488,39035136,43057152,23379306,0,0,8
1783757306851,36671488,39070904,43057152,23360717,0,0,8
1783757307866,36671488,39102448,43057152,23360717,0,0,8
1783757308879,36671488,39136624,43057152,23360757,0,0,8
1783757309879,36671488,39168336,43057152,23360757,0,0,8
1783757310884,37285888,39474360,43057152,23361299,0,0,8
1783757311897,37289984,39506312,43057152,23361299,0,0,8
1783757312908,37289984,39538880,43057152,23361339,0,0,8
1783757313919,37289984,39694288,43057152,23364738,0,0,8
1783757314931,36528128,39065920,43057152,23369994,0,0,8
1783757315942,36868096,39151952,43319296,23371143,0,0,8
1783757316947,36868096,39185760,43319296,23371183,0,0,8
1783757317959,36868096,39217632,43319296,23371183,0,0,8
1783757318970,36868096,39251560,43319296,23371223,0,0,8
1783757319980,36868096,39283104,43319296,23371223,0,0,8
1783757320990,36868096,39318264,43319296,23371263,0,0,8
1783757322003,36868096,39350832,43319296,23371263,0,0,8
1783757323010,36868096,39383736,43319296,23371303,0,0,8
1783757324023,36868096,39537192,43319296,23382894,0,0,8
1783757325033,36868096,39666808,43319296,23385184,0,0,8
1783757326045,36868096,39732408,43319296,23386333,0,0,8
1783757327057,36868096,39766408,43319296,23386373,0,0,8
1783757328060,36966400,39050608,43319296,23386373,0,0,8
1783757329068,36966400,39084392,43319296,23377101,0,0,8
1783757330082,36966400,39116320,43319296,23377101,0,0,8
1783757331095,36966400,39149392,43319296,23377141,0,0,8
1783757332108,36966400,39181960,43319296,23377141,0,0,8
1783757333122,36966400,39254760,43319296,23378306,0,0,8
1783757334133,36966400,39369408,43319296,23388772,0,0,8
1783757335148,36966400,39532272,43319296,23392211,0,0,8
1783757336161,36966400,39565952,43319296,23392211,0,0,8
1783757337175,36966400,39599880,43319296,23392251,0,0,8
1783757338188,36966400,39631592,43319296,23392251,0,0,8
1783757339198,36966400,39665288,43319296,23392291,0,0,8
1783757340211,37613568,39453624,44367872,23395163,0,0,8
1783757341223,37617664,39486792,44367872,23395203,0,0,8
1783757342232,37617664,39519096,44367872,23395203,0,0,8
1783757343244,37617664,39633144,44367872,23405685,0,0,8
1783757344259,37617664,39707392,44367872,23406834,0,0,8
1783757345269,36872192,39079592,43319296,23402762,0,0,8
1783757346275,36876288,39111848,43319296,23402762,0,0,8
1783757347280,36876288,39144944,43319296,23402802,0,0,8
1783757348294,31858688,39176256,43319296,23402802,0,0,8
1783757349309,31862784,39210096,43319296,23402842,0,0,8
1783757350319,31862784,39243968,43319296,23402842,0,0,8
1783757351331,31862784,39277088,43319296,23402882,0,0,8
1783757352346,31866880,39309488,43319296,23402882,0,0,8
1783757353355,32153600,39464744,43319296,23414513,0,0,8
1783757354360,32153600,39497400,43319296,23414513,0,0,8
1783757355362,32276480,39661424,43319296,23417952,0,0,8
1783757356375,32280576,39693328,43319296,23417952,0,0,8
1783757357387,32280576,39729088,43319296,23426184,0,0,8
1783757358397,32280576,39760816,43319296,23426184,0,0,8
1783757359412,32280576,39794744,43319296,23426224,0,0,8
1783757360415,32489472,39089712,43319296,23426224,0,0,8
1783757361425,32493568,39124648,43319296,23409869,0,0,8
1783757362433,32493568,39156904,43319296,23409869,0,0,8
1783757363441,32501760,39312496,43319296,23413308,0,0,8
1783757364452,32501760,39344920,43319296,23413308,0,0,8
1783757365462,32505856,39507640,43319296,23424939,0,0,8
1783757366469,32509952,39540344,43319296,23424939,0,0,8
1783757367479,32509952,39573272,43319296,23424979,0,0,8
1783757368491,32514048,39605152,43319296,23424979,0,0,8
1783757369500,32518144,39639320,43319296,23425019,0,0,8
1783757370512,32751616,39150976,43319296,23410072,0,0,8
1783757371518,32755712,39186320,43319296,23410112,0,0,8
1783757372532,32755712,39218104,43319296,23410112,0,0,8
1783757373542,32755712,39371864,43319296,23413551,0,0,8
1783757374548,32755712,39404488,43319296,23421743,0,0,8
1783757375559,32755712,39567216,43319296,23425182,0,0,8
1783757376567,32755712,39598928,43319296,23425182,0,0,8
1783757377577,32755712,39632520,43319296,23425222,0,0,8
1783757378587,32755712,39665984,43319296,23425222,0,0,8
1783757379588,32755712,39699912,43319296,23425262,0,0,8
1783757380599,32759808,39731512,43319296,23425262,0,0,8
1783757381613,33099776,39771512,43319296,23425302,0,0,8
1783757382613,33099776,39802944,43319296,23425302,0,0,8
1783757383624,33189888,39198256,43319296,23428487,0,0,8
1783757384634,33189888,39229936,43319296,23428487,0,0,8
1783757385647,33189888,39392712,43319296,23431926,0,0,8
1783757386654,33189888,39423984,43319296,23431926,0,0,8
1783757387656,33189888,39459392,43319296,23431966,0,0,8
1783757388669,33189888,39490832,43319296,23431966,0,0,8
1783757389676,33189888,39524152,43319296,23432006,0,0,8
1783757390690,33189888,39555512,43319296,23432006,0,0,8
1783757391701,33189888,39588312,43319296,23432046,0,0,8
1783757392706,33189888,39620440,43319296,23432046,0,0,8
1783757393714,33337344,39778864,43319296,23443677,0,0,8
1783757394725,33337344,39810504,43319296,23443677,0,0,8
1783757395734,33366016,39221728,43319296,23428487,0,0,8
1783757396748,33370112,39253432,43319296,23428487,0,0,8
1783757397758,33370112,39286944,43319296,23428527,0,0,8
1783757398768,33370112,39318416,43319296,23428527,0,0,8
1783757399782,33370112,39351432,43319296,23428567,0,0,8
1783757400792,33943552,39243800,43319296,23434891,0,0,8
1783757401801,33943552,39276648,43319296,23434931,0,0,8
1783757402811,33943552,39310696,43319296,23434931,0,0,8
1783757403810,33943552,39464512,43319296,23446562,0,0,8
1783757404822,33943552,39495952,43319296,23446562,0,0,8
1783757405835,33943552,39659032,43319296,23450001,0,0,8
1783757406859,33943552,39690304,43319296,23450001,0,0,8
1783757407860,33943552,39723736,43319296,23450041,0,0,8
1783757408871,33943552,39755392,43319296,23450041,0,0,8
1783757409880,33943552,39789728,43319296,23450081,0,0,8
1783757410895,33943552,39821856,43319296,23450081,0,0,8
1783757411910,33943552,39854872,43319296,23450121,0,0,8
1783757412925,33943552,39887224,43319296,23450121,0,0,8
1783757413934,34004992,39296424,43319296,23453063,0,0,8
1783757414934,34004992,39328048,43319296,23453063,0,0,8
1783757415934,34009088,39490736,43319296,23456502,0,0,8
1783757416948,34009088,39522032,43319296,23456502,0,0,8
1783757417960,34009088,39556920,43319296,23464734,0,0,8
1783757418971,34009088,39590432,43319296,23464774,0,0,8
1783757419982,34009088,39621896,43319296,23464774,0,0,8
1783757420995,34009088,39657272,43319296,23464814,0,0,8
1783757422011,34009088,39688208,43319296,23464814,0,0,8
1783757428816,105553920,32950360,69009408,21753303,0,0,8
1783757429822,107208704,38080920,69533696,21892850,0,0,8
1783757430821,107962368,38595952,69795840,21901788,0,0,8
1783757431831,108298240,38723376,69795840,21907924,0,0,8
1783757432844,108531712,38885704,69795840,21927201,0,0,8
1783757438179,106229760,34709216,69271552,21777588,0,0,8
1783757439185,107511808,38188504,69533696,21901118,0,0,8
1783757440197,107737088,38308696,69533696,21907201,0,0,8
1783757441204,107925504,38509144,69533696,21926701,0,0,8
1783757442209,107925504,38553184,69533696,21926701,0,0,8
1783757443221,107925504,38600512,69533696,21926741,0,0,8
1783757444230,107925504,38644792,69533696,21926741,0,0,8
1783757445242,107925504,38691080,69533696,21926781,0,0,8
1783757446255,107974656,38737416,69533696,21926781,0,0,8
1783757447267,107999232,38806144,69795840,21926821,0,0,8
1783757448277,108093440,39180152,69795840,21930220,0,0,8
1783757449291,108367872,39542584,69795840,21958963,0,0,8
1783757450304,108367872,39587192,69795840,21958963,0,0,8
1783757451304,108367872,39633960,69795840,21959003,0,0,8
1783757452314,108367872,39678328,69795840,21959003,0,0,8
1783757453325,108367872,39732680,69795840,21959043,0,0,8
1783757454332,88174592,33310144,37027840,21792714,0,0,8
1783757455337,88252416,33364704,37027840,21792754,0,0,8
1783757456343,88317952,33408728,37027840,21792754,0,0,8
1783757457354,88317952,33455024,37027840,21792794,0,0,8
1783757458364,88526848,33689176,37027840,21804385,0,0,8
1783757459373,88035328,33879688,37027840,21807824,0,0,8
1783757460376,89919488,34086488,38076416,21810816,0,0,8
1783757461376,89944064,34132616,38076416,21810856,0,0,8
1783757462391,90042368,34176640,38076416,21810856,0,0,8
1783757463399,90042368,34223536,38076416,21810896,0,0,8
1783757464410,90046464,34268080,38076416,21810896,0,0,8
1783757465423,90144768,34313976,38076416,21810936,0,0,8
1783757466432,90144768,34358440,38076416,21810936,0,0,8
1783757467446,90189824,34407592,38076416,21810976,0,0,8
1783757468458,90365952,33916072,37289984,21820689,0,0,8
1783757469462,90353664,34080192,37289984,21824128,0,0,8
1783757470476,90345472,34124072,37289984,21824128,0,0,8
1783757471476,90349568,34171552,37289984,21824168,0,0,8
1783757472483,90349568,34215616,37289984,21824168,0,0,8
1783757473493,90349568,34262848,37289984,21824208,0,0,8
1783757479054,105656320,34898352,69271552,21784332,0,0,8
1783757480056,107134976,38209416,69533696,21901117,0,0,8
1783757481059,107376640,38333344,69533696,21907200,0,0,8
1783757482065,107565056,38527176,69533696,21926699,0,0,8
1783757483074,107565056,38571384,69533696,21926699,0,0,8
1783757484074,107565056,38618560,69533696,21926739,0,0,8
1783757485081,107565056,38662672,69533696,21926739,0,0,8
1783757486094,107565056,38708792,69533696,21926779,0,0,8
1783757487103,107638784,38755464,69533696,21926779,0,0,8
1783757488116,107663360,38824248,69795840,21926819,0,0,8
1783757489125,107970560,39514240,69795840,21958921,0,0,8
1783757490135,109338624,39957776,69795840,21959220,0,0,8
1783757491138,109350912,40043808,69795840,21959463,0,0,8
1783757492148,109350912,40090744,69795840,21959503,0,0,8
1783757493157,109350912,40135280,69795840,21959503,0,0,8
1783757494169,109355008,40188432,69795840,21959543,0,0,8
1783757495180,88915968,33479720,37552128,21792714,0,0,8
1783757496193,88981504,33533496,37552128,21792754,0,0,8
1783757497203,88981504,33578688,37552128,21792754,0,0,8
1783757498214,89047040,33624984,37552128,21792794,0,0,8
1783757499223,89378816,34003744,37552128,21807784,0,0,8
1783757500235,89473024,34049592,37552128,21807824,0,0,8
1783757501245,89473024,34096728,37552128,21807824,0,0,8
1783757502256,89538560,34143816,37552128,21807864,0,0,8
1783757503264,89604096,34187952,37552128,21807864,0,0,8
1783757504279,89571328,34234688,37552128,21807904,0,0,8
1783757505289,89616384,34279424,37552128,21807904,0,0,8
1783757506289,89759744,33564512,38600704,21807944,0,0,8
1783757507299,89804800,33609536,38600704,21807944,0,0,8
1783757508307,89894912,33655904,38600704,21800946,0,0,8
1783757509315,89686016,34050904,38600704,21815936,0,0,8
1783757510324,89735168,34097656,38600704,21815976,0,0,8
1783757514690,107057152,35328400,69009408,21820319,0,0,8
1783757515696,107552768,38077616,69271552,21892926,0,0,8
1783757516709,107806720,38198672,69271552,21907201,0,0,8
1783757517718,107978752,38398376,69271552,21926701,0,0,8
1783757518731,107978752,38442560,69271552,21926701,0,0,8
1783757523254,106192896,35156136,69009408,21800913,0,0,8
1783757524262,107302912,38208968,69271552,21901116,0,0,8
1783757525276,107589632,38329936,69271552,21907199,0,0,8
1783757526283,107778048,38529728,69271552,21926697,0,0,8
1783757527296,107778048,38573768,69271552,21926697,0,0,8
1783757528311,107778048,38621168,69271552,21926737,0,0,8
1783757529316,107778048,38665280,69271552,21926737,0,0,8
1783757530327,107778048,38712448,69271552,21926777,0,0,8
1783757531339,107864064,38761232,69271552,21926777,0,0,8
1783757532351,107888640,38829960,69533696,21926817,0,0,8
1783757533364,108314624,39516200,69533696,21958919,0,0,8
1783757534369,108314624,39562920,69533696,21958959,0,0,8
1783757535377,108314624,39608360,69533696,21958959,0,0,8
1783757536383,108314624,39654216,69533696,21958999,0,0,8
1783757537393,108314624,39711872,69533696,21959039,0,0,8
1783757538401,108314624,39756080,69533696,21959039,0,0,8
1783757539413,88698880,33349168,37552128,21792754,0,0,8
1783757540421,88698880,33394880,37552128,21792754,0,0,8
1783757541426,88764416,33441152,37552128,21792794,0,0,8
1783757542439,88829952,33486176,37552128,21792794,0,0,8
1783757543450,89186304,33867240,37552128,21807824,0,0,8
1783757544451,89280512,33914152,37552128,21807824,0,0,8
1783757545456,89280512,33960880,37552128,21807864,0,0,8
1783757546465,89325568,34005408,37552128,21807864,0,0,8
1783757547479,89411584,34051304,37552128,21807904,0,0,8
1783757548490,89415680,34096472,37552128,21807904,0,0,8
1783757549504,89440256,34142576,37552128,21807944,0,0,8
1783757550511,91140096,33998744,38600704,21801408,0,0,8
1783757551514,91205632,34048152,38600704,21801448,0,0,8
1783757552521,91222016,34092744,38600704,21801448,0,0,8
1783757553528,90333184,33793168,37814272,21809138,0,0,8
1783757554537,90333184,33836576,37814272,21809138,0,0,8
1783757555549,88752128,33882696,37814272,21809178,0,0,8
1783757556564,88760320,33927576,37814272,21809178,0,0,8
1783757557575,88764416,33984232,37814272,21817410,0,0,8
1783757558587,88764416,34028616,37814272,21817410,0,0,8
1783757559597,88850432,34076976,37814272,21817450,0,0,8
1783757560604,88850432,34121168,37814272,21817450,0,0,8
1783757561616,88850432,34167264,37814272,21817490,0,0,8
1783757562616,88866816,34230648,37814272,21817490,0,0,8
1783757563621,88920064,33856176,37814272,21817330,0,0,8
1783757564631,88969216,33903672,37814272,21817330,0,0,8
1783757565638,89075712,33950400,37814272,21817370,0,0,8
1783757566652,89075712,33994592,37814272,21817370,0,0,8
1783757567667,89075712,34041656,37814272,21817410,0,0,8
1783757568677,89075712,34085632,37814272,21817410,0,0,8
1783757569689,89096192,34132232,37814272,21817450,0,0,8
1783757570699,89096192,34177256,37814272,21817450,0,0,8
1783757571708,89096192,34225760,37814272,21817490,0,0,8
1783757572708,89096192,34270704,37814272,21817490,0,0,8
1783757573708,89104384,34586160,37814272,21832520,0,0,8
1783757574722,89124864,33858304,37814272,21832520,0,0,8
1783757575731,89227264,33905200,37814272,21817330,0,0,8
1783757576730,89227264,33950464,37814272,21817330,0,0,8
1783757581775,106373120,35273320,69533696,21811523,0,0,8
1783757582784,107286528,38214808,69795840,21901134,0,0,8
1783757583793,107311104,38309728,69795840,21901333,0,0,8
1783757584797,107642880,38498376,69795840,21926637,0,0,8
1783757585808,107692032,38585032,69795840,21926717,0,0,8
1783757586815,107692032,38633688,69795840,21926757,0,0,8
1783757587829,107692032,38679320,69795840,21926757,0,0,8
1783757588837,107692032,38727128,69795840,21926797,0,0,8
1783757589852,107724800,38774984,69795840,21926797,0,0,8
1783757590862,107810816,38847936,70057984,21926837,0,0,8
1783757591862,107798528,39407816,70057984,21952110,0,0,8
1783757592874,107884544,39585152,70057984,21958979,0,0,8
1783757593885,107884544,39631080,70057984,21958979,0,0,8
1783757598772,106192896,34481008,69533696,21762932,0,0,8
1783757599783,107610112,38192408,69795840,21892850,0,0,8
1783757600793,107638784,38296840,69795840,21893125,0,0,8
1783757601802,107991040,38477384,69795840,21926621,0,0,8
1783757602815,107749376,38565960,69795840,21926701,0,0,8
1783757603825,107749376,38613080,69795840,21926741,0,0,8
1783757604840,107749376,38657024,69795840,21926741,0,0,8
1783757609470,105906176,35097496,69271552,21802122,0,0,8
1783757610485,108257280,38523464,69795840,21901636,0,0,8
1783757611486,108482560,38648056,69795840,21907719,0,0,8
1783757612489,108740608,38841832,69795840,21927219,0,0,8
1783757613503,108740608,38886872,69795840,21927219,0,0,8
1783757614514,108740608,38933304,69795840,21927259,0,0,8
1783757618321,105558016,34895592,69271552,21784332,0,0,8
1783757619325,106704896,38202880,69533696,21892925,0,0,8
1783757620338,106721280,38300160,69533696,21901316,0,0,8
1783757621350,106983424,38418328,69533696,21907469,0,0,8
1783757622361,107134976,38572616,69533696,21926699,0,0,8
1783757623372,107134976,38621880,69533696,21926739,0,0,8
1783757624386,107134976,38670648,69533696,21926739,0,0,8
1783757625401,107134976,38721568,69533696,21926779,0,0,8
1783757626408,107159552,38770848,69533696,21926779,0,0,8
1783757627415,107245568,38843720,69795840,21926819,0,0,8
1783757628421,107610112,39532104,69795840,21958921,0,0,8
1783757629433,107610112,39583104,69795840,21958961,0,0,8
1783757630444,107610112,39631976,69795840,21958961,0,0,8
1783757631450,107610112,39680976,69795840,21959001,0,0,8
1783757632451,107610112,39729184,69795840,21959001,0,0,8
1783757633465,107610112,39785712,69795840,21959041,0,0,8
1783757634468,87982080,33326376,37289984,21792714,0,0,8
1783757635468,88047616,33382912,37289984,21792754,0,0,8
1783757636480,88113152,33431064,37289984,21792754,0,0,8
1783757637487,88178688,33482624,37289984,21792794,0,0,8
1783757638498,88469504,33862224,37289984,21807784,0,0,8
1783757639509,88571904,33912808,37289984,21807824,0,0,8
1783757640523,90202112,34187016,38338560,21810816,0,0,8
1783757641536,90202112,34234448,38338560,21810856,0,0,8
1783757642546,90267648,34281864,38338560,21810856,0,0,8
1783757643549,90333184,34329080,38338560,21810896,0,0,8
1783757644561,90341376,34379848,38338560,21810896,0,0,8
1783757645570,90353664,34426896,38338560,21810936,0,0,8
1783757646583,89677824,33756528,37289984,21810936,0,0,8
1783757647584,89677824,33805712,37289984,21809138,0,0,8
1783757648594,89899008,34147208,37552128,21824128,0,0,8
1783757649600,89899008,34195616,37552128,21824168,0,0,8
1783757650615,89899008,34241704,37552128,21824168,0,0,8
1783757651627,89903104,34291760,37552128,21824208,0,0,8
1783757652641,89767936,34338272,37552128,21824208,0,0,8
1783757653655,89767936,34385848,37552128,21824248,0,0,8
1783757654688,89767936,34427872,37552128,21824248,0,0,8
1783757655737,89767936,34467792,37552128,21824288,0,0,8
1783757656766,89767936,34506264,37552128,21824288,0,0,8
1783757657797,89825280,33846152,37552128,21824328,0,0,8
1783757658806,89821184,34218376,37814272,21832280,0,0,8
1783757659821,89821184,34264488,37814272,21832320,0,0,8
1783757660834,89821184,34308656,37814272,21832320,0,0,8
1783757661833,89862144,34356160,37814272,21832360,0,0,8
1783757662848,89862144,34400936,37814272,21832360,0,0,8
1783757663856,89862144,34446808,37814272,21832400,0,0,8
1783757664863,89862144,34494752,37814272,21832400,0,0,8
1783757665874,89862144,34540816,37814272,21832440,0,0,8
1783757666885,89862144,34585880,37814272,21832440,0,0,8
1783757667897,89862144,34631696,37814272,21832480,0,0,8
1783757668910,89985024,34223480,37814272,21840512,0,0,8
1783757669917,89985024,34268168,37814272,21840512,0,0,8
1783757670926,90894336,34610512,37814272,21841054,0,0,8
1783757671932,90898432,34655096,37814272,21841054,0,0,8
1783757672934,90947584,34700656,37814272,21841094,0,0,8
1783757673946,90136576,34001560,38076416,21841094,0,0,8
1783757674952,66949120,34049864,38076416,21833714,0,0,8
1783757675958,52064256,34095760,38076416,21833714,0,0,8
1783757676961,58675200,35115352,38338560,21875893,0,0,8
1783757677966,50130944,35347416,38338560,21878143,0,0,8
1783757678967,51924992,35607144,39124992,21897122,0,0,8
1783757679974,53518336,35547776,40173568,21904961,0,0,8
1783757680974,53522432,35595232,40173568,21905001,0,0,8
1783757681988,53522432,35640832,40173568,21905001,0,0,8
1783757683000,54841344,36249968,39387136,21904290,0,0,8
1783757684011,54841344,36298824,39387136,21904290,0,0,8
1783757685011,54906880,36349040,39387136,21904330,0,0,8
1783757686021,54947840,36401000,39387136,21904330,0,0,8
1783757687033,54947840,36447120,39387136,21904370,0,0,8
1783757688039,54947840,36492472,39387136,21904370,0,0,8
1783757689042,55250944,36353304,39649280,21913607,0,0,8
1783757690050,55463936,36406152,39649280,21913607,0,0,8
1783757691058,55533568,36456240,39649280,21913647,0,0,8
1783757692064,55779328,36511376,39649280,21913647,0,0,8
1783757693070,55787520,36560488,39649280,21921879,0,0,8
1783757694085,55791616,36605808,39649280,21921879,0,0,8
1783757695136,55160832,36678680,39649280,21921919,0,0,8
1783757696147,55189504,36724752,39649280,21921919,0,0,8
1783757697151,55418880,36772240,39649280,21921959,0,0,8
1783757698161,55418880,36806096,39649280,21921959,0,0,8
1783757699166,55418880,37101880,39649280,21936989,0,0,8
1783757700173,60493824,38282208,41484288,23201367,0,0,8
1783757701196,63311872,40042040,42795008,23304435,0,0,8
1783757702210,74829824,39987024,47251456,23262737,0,0,8
1783757703272,74829824,40023856,47251456,23262777,0,0,8
1783757704289,74878976,40060144,47251456,23262777,0,0,8
1783757705296,75014144,40101088,47251456,23262817,0,0,8
1783757706305,74383360,40149984,47251456,23262817,0,0,8
1783757707312,74641408,40193120,47251456,23262857,0,0,8
1783757708314,74715136,40296048,47251456,23272198,0,0,8
1783757709324,74878976,39044448,44105728,23258578,0,0,8
1783757710327,74878976,39079040,44105728,23258578,0,0,8
1783757711337,74878976,39115384,44105728,23258618,0,0,8
1783757712350,74878976,39151192,44105728,23266810,0,0,8
1783757713352,74878976,39189272,44105728,23266850,0,0,8
1783757714353,72384512,39225080,44105728,23266850,0,0,8
1783757715365,72384512,39369392,44105728,23267440,0,0,8
1783757716380,72384512,39403592,44105728,23267440,0,0,8
1783757717388,72404992,39256680,44105728,23268268,0,0,8
1783757718395,72417280,39557320,44105728,23268156,0,0,8
1783757719402,72417280,39727104,44105728,23279787,0,0,8
1783757720416,71544832,39761240,44105728,23279787,0,0,8
1783757721419,71553024,39802680,44105728,23279827,0,0,8
1783757722425,71553024,39839744,44105728,23279827,0,0,8
1783757723432,70930432,39272408,44105728,23272744,0,0,8
1783757724435,70959104,39306696,44105728,23272744,0,0,8
1783757725448,70963200,39342616,44105728,23272784,0,0,8
1783757726454,70963200,39376216,44105728,23272784,0,0,8
1783757727466,70995968,39411824,44105728,23272824,0,0,8
1783757728474,70995968,39571920,44105728,23284415,0,0,8
1783757729492,71479296,39757984,44367872,23287854,0,0,8
1783757730501,71147520,39485128,44367872,23289574,0,0,8
1783757731508,64421888,39520272,44367872,23289614,0,0,8
1783757732517,64421888,39554736,44367872,23289614,0,0,8
1783757733531,64421888,39590024,44367872,23289654,0,0,8
1783757734541,64425984,39624272,44367872,23289654,0,0,8
1783757735547,64425984,39656936,44367872,23289694,0,0,8
1783757736548,64425984,39690584,44367872,23289694,0,0,8
1783757737562,64438272,39730616,44367872,23289734,0,0,8
1783757738567,64438272,39889008,44367872,23293133,0,0,8
1783757739576,64438272,40053824,44367872,23304764,0,0,8
1783757740587,64438272,40088240,44367872,23304764,0,0,8
1783757741599,64520192,39385072,45416448,23289128,0,0,8
1783757742604,64524288,39419824,45416448,23289128,0,0,8
1783757743616,65794048,39767048,45416448,23290389,0,0,8
1783757744623,68083712,40879344,44367872,23411985,0,0,8
1783757745623,68374528,40985728,44367872,23437112,0,0,8
1783757746638,68374528,41020400,44367872,23437112,0,0,8
1783757747639,68374528,41057232,44367872,23437152,0,0,8
1783757748653,68395008,41568160,44367872,23449776,0,0,8
1783757749665,69152768,41098936,47775744,23447375,0,0,8
1783757750669,69152768,41140976,47775744,23447375,0,0,8
1783757751679,69152768,41176816,47775744,23447415,0,0,8
1783757752693,69152768,41212152,47775744,23447415,0,0,8
1783757753698,69152768,41250344,47775744,23447455,0,0,8
1783757754698,69152768,41286568,47775744,23447455,0,0,8
1783757755701,70041600,41552536,44630016,23483750,0,0,8
1783757756714,70049792,41844968,44630016,23495604,0,0,8
1783757757723,70049792,41976432,44630016,23496144,0,0,8
1783757758737,70078464,41341920,44630016,23480133,0,0,8
1783757759750,70078464,41505296,44630016,23491764,0,0,8
1783757760762,70201344,41377392,44630016,23494486,0,0,8
1783757761774,70201344,41413768,44630016,23494526,0,0,8
1783757762788,70201344,41448800,44630016,23494526,0,0,8
1783757763789,70201344,41485936,44630016,23494566,0,0,8
1783757764801,70201344,41521432,44630016,23494566,0,0,8
1783757765812,70201344,41558848,44630016,23494606,0,0,8
1783757766827,70201344,41596320,44630016,23494606,0,0,8
1783757767837,70201344,41632928,44630016,23494646,0,0,8
1783757768842,70201344,41790472,44630016,23498045,0,0,8
1783757769846,70209536,41964440,44630016,23509683,0,0,8
1783757770848,70209536,42002456,44630016,23509683,0,0,8
1783757771853,70209536,42041248,44630016,23509723,0,0,8
1783757772864,70209536,42080680,44630016,23509723,0,0,8
1783757773873,70275072,41386416,44630016,23502482,0,0,8
1783757774883,70275072,41423568,44630016,23502482,0,0,8
1783757775919,70275072,41462416,44630016,23502522,0,0,8
1783757776924,70275072,41501624,44630016,23502522,0,0,8
1783757777938,70275072,41541016,44630016,23502562,0,0,8
1783757778939,70279168,41707792,44630016,23505961,0,0,8
1783757779946,70279168,41877152,44630016,23517592,0,0,8
1783757780945,70279168,41915032,44630016,23517592,0,0,8
1783757781960,70279168,41953296,44630016,23517632,0,0,8
1783757782967,70402048,41992016,44630016,23517632,0,0,8
1783757783982,70402048,42031224,44630016,23517672,0,0,8
1783757784992,70402048,42067960,44630016,23517672,0,0,8
1783757786004,70402048,42107448,44630016,23517712,0,0,8
1783757787013,70402048,41403800,44630016,23517712,0,0,8
1783757788019,70402048,41442256,44630016,23510674,0,0,8
1783757789028,70545408,41604736,44630016,23514073,0,0,8
1783757790038,71143424,41955992,44892160,23525720,0,0,8
1783757791050,71606272,42123464,44892160,23526206,0,0,8
1783757792060,71606272,42160384,44892160,23526246,0,0,8
1783757793068,70713344,41445040,44892160,23526246,0,0,8
1783757794080,70713344,41482912,44892160,23518866,0,0,8
1783757795090,70713344,41527344,44892160,23518873,0,0,8
1783757796102,70713344,41565072,44892160,23518913,0,0,8
1783757797112,70713344,41602048,44892160,23518913,0,0,8
1783757798121,70713344,41639112,44892160,23518953,0,0,8
1783757799130,70135808,41815720,44892160,23530544,0,0,8
1783757800139,70139904,41980608,44892160,23533983,0,0,8
1783757801153,70139904,42017016,44892160,23533983,0,0,8
1783757802165,70139904,42055640,44892160,23534023,0,0,8
1783757803177,70139904,42091200,44892160,23542215,0,0,8
1783757804190,70139904,42128880,44892160,23542255,0,0,8
1783757805204,70139904,42163904,44892160,23542255,0,0,8
1783757806208,70139904,42201344,44892160,23542295,0,0,8
1783757807219,70148096,41496504,45940736,23542295,0,0,8
1783757808230,70148096,41535192,45940736,23535257,0,0,8
1783757809243,70148096,41712768,45940736,23538656,0,0,8
1783757810249,70148096,41857656,45940736,23550287,0,0,8
1783757811252,70148096,41893824,45940736,23550287,0,0,8
1783757812259,61779968,41930216,45940736,23550327,0,0,8
1783757813266,61779968,41965712,45940736,23550327,0,0,8
1783757814269,61784064,42005120,45940736,23550367,0,0,8
1783757815282,61784064,42040288,45940736,23550367,0,0,8
1783757816293,62013440,42144416,45940736,23550407,0,0,8
1783757817299,62013440,42176040,45940736,23550407,0,0,8
1783757818308,62017536,42209088,45940736,23550447,0,0,8
1783757819318,62152704,41610312,44892160,23537491,0,0,8
1783757820325,61829120,41589904,45154304,23543659,0,0,8
1783757821330,61829120,41622384,45154304,23551851,0,0,8
1783757822341,46825472,41655584,45154304,23551891,0,0,8
1783757823351,46825472,41687096,45154304,23551891,0,0,8
1783757824358,46825472,41720264,45154304,23551931,0,0,8
1783757825371,46825472,41751888,45154304,23551931,0,0,8
1783757826378,46825472,41787544,45154304,23551971,0,0,8
1783757827388,46825472,41819112,45154304,23551971,0,0,8
1783757828404,46825472,41852312,45154304,23552011,0,0,8
1783757829417,47116288,42097736,45154304,23557684,0,0,8
1783757830433,47120384,42173672,45154304,23567041,0,0,8
1783757831446,47120384,42206528,45154304,23567041,0,0,8
1783757832460,47120384,42239512,45154304,23567081,0,0,8
1783757833467,47120384,42272960,45154304,23567081,0,0,8
1783757834475,47124480,42306512,45154304,23567121,0,0,8
1783757835482,47276032,41596232,45154304,23567121,0,0,8
1783757836495,47276032,41630072,45154304,23559840,0,0,8
1783757837510,47276032,41661832,45154304,23559840,0,0,8
1783757838519,47276032,41817032,45154304,23563279,0,0,8
1783757839532,47276032,41937216,45154304,23565553,0,0,8
1783757840533,47276032,42013176,45154304,23574910,0,0,8
1783757841539,47276032,42045880,45154304,23574910,0,0,8
1783757842544,47276032,42078560,45154304,23574950,0,0,8
1783757843557,47276032,42110488,45154304,23574950,0,0,8
1783757844571,47276032,42151400,45154304,23574997,0,0,8
1783757845583,47280128,42182832,45154304,23574997,0,0,8
1783757846594,47280128,42218592,45154304,23575037,0,0,8
1783757847637,47280128,42250136,45154304,23575037,0,0,8
1783757848651,47341568,41669208,45154304,23569124,0,0,8
1783757849651,47345664,41789032,45154304,23579630,0,0,8
1783757850659,48029696,42133016,45154304,23581257,0,0,8
1783757851660,48029696,42165216,45154304,23581257,0,0,8
1783757852666,48029696,42198392,45154304,23581297,0,0,8
1783757853672,48029696,42229432,45154304,23581297,0,0,8
1783757854671,48029696,42263024,45154304,23581337,0,0,8
1783757855672,37810176,42294392,45154304,23581337,0,0,8
1783757856682,38457344,42336720,45154304,23581377,0,0,8
1783757857695,38457344,42369144,45154304,23581377,0,0,8
1783757858706,36864000,41731536,45154304,23586657,0,0,8
1783757859717,37662720,41858240,45154304,23588971,0,0,8
1783757860729,37666816,41934512,45154304,23590096,0,0,8
1783757861742,37666816,41969208,45154304,23590136,0,0,8
1783757862743,37666816,42001352,45154304,23590136,0,0,8
1783757863752,37666816,42033600,45154304,23590176,0,0,8
1783757864765,37666816,42065160,45154304,23590176,0,0,8
1783757865778,37670912,42098704,45154304,23590216,0,0,8
1783757866789,37670912,42130272,45154304,23590216,0,0,8
1783757867803,37670912,42163112,45154304,23590256,0,0,8
1783757868814,37670912,42317648,45154304,23601847,0,0,8
1783757869826,37691392,41701968,45154304,23592622,0,0,8
1783757870838,37695488,41766712,45154304,23593747,0,0,8
1783757871851,37703680,41799160,45154304,23601979,0,0,8
1783757872863,37703680,41830896,45154304,23601979,0,0,8
1783757873863,37707776,41866216,45154304,23602019,0,0,8
1783757874872,37707776,41897952,45154304,23602019,0,0,8
1783757875883,37707776,41931488,45154304,23602059,0,0,8
1783757876892,37707776,41963080,45154304,23602059,0,0,8
1783757877905,37707776,41996040,45154304,23602099,0,0,8
1783757878920,37715968,42149912,45154304,23605498,0,0,8
1783757879934,37720064,42313016,45154304,23617129,0,0,8
1783757880944,38096896,42126904,45154304,23602492,0,0,8
1783757881945,38096896,42160096,45154304,23602532,0,0,8
1783757882946,38096896,42191800,45154304,23602532,0,0,8
1783757883955,38096896,42225448,45154304,23602572,0,0,8
1783757884966,38096896,42257160,45154304,23602572,0,0,8
1783757885978,38096896,42290392,45154304,23610804,0,0,8
1783757886992,38096896,42322624,45154304,23610804,0,0,8
1783757888001,38096896,42357288,45154304,23610844,0,0,8
1783757889011,37314560,41735240,45154304,23614243,0,0,8
1783757890026,37322752,41896736,45154304,23612405,0,0,8
1783757891040,37322752,41928488,45154304,23620597,0,0,8
1783757892054,37322752,41962720,45154304,23620637,0,0,8
1783757893069,37322752,41994288,45154304,23620637,0,0,8
1783757894079,37322752,42028120,45154304,23620677,0,0,8
1783757895093,37322752,42068992,45154304,23620684,0,0,8
1783757896092,37322752,42101776,45154304,23620724,0,0,8
1783757897105,37322752,42134416,45154304,23620724,0,0,8
1783757898115,37322752,42167552,45154304,23620764,0,0,8
1783757899131,37617664,42322952,45154304,23624163,0,0,8
1783757900142,37617664,42485600,45154304,23635794,0,0,8
1783757901156,37642240,41768104,45154304,23635794,0,0,8
1783757902170,37642240,41801776,45154304,23617205,0,0,8
1783757903175,37642240,41833032,45154304,23617205,0,0,8
1783757904185,37642240,41866848,45154304,23617245,0,0,8
1783757905195,37642240,41898392,45154304,23617245,0,0,8
1783757906206,37642240,41931512,45154304,23617285,0,0,8
1783757907219,37642240,41963856,45154304,23617285,0,0,8
1783757908227,37642240,41998296,45154304,23617325,0,0,8
1783757909236,37646336,42150320,45154304,23620724,0,0,8
1783757910247,37392384,41833264,45154304,23618533,0,0,8
1783757911280,37392384,41862288,45154304,23618533,0,0,8
1783757912294,37392384,41897296,45154304,23618573,0,0,8
1783757913305,37396480,41928864,45154304,23618573,0,0,8
1783757914317,37396480,41961680,45154304,23618613,0,0,8
1783757915332,38731776,41994464,45154304,23618613,0,0,8
1783757916347,38731776,42027280,45154304,23618653,0,0,8
1783757917361,38735872,42061360,45154304,23618653,0,0,8
1783757918372,38735872,42094560,45154304,23618693,0,0,8
1783757919380,38735872,42248064,45154304,23630284,0,0,8
1783757920391,38735872,42419464,45154304,23633730,0,0,8
1783757921404,38735872,42451512,45154304,23633730,0,0,8
1783757922410,38739968,42485808,45154304,23633770,0,0,8
1783757923422,38764544,41769144,45154304,23633770,0,0,8
1783757924432,38764544,41803936,45154304,23625404,0,0,8
1783757925449,35545088,41836192,45154304,23625404,0,0,8
1783757926454,36171776,41880648,45154304,23625444,0,0,8
1783757927466,36171776,41913008,45154304,23625444,0,0,8
1783757928469,36171776,41985112,45154304,23626609,0,0,8
1783757929479,36171776,42097728,45154304,23637075,0,0,8
1783757930481,36179968,42260800,45154304,23640514,0,0,8
1783757931492,36184064,42294408,45154304,23640514,0,0,8
1783757932500,36184064,42327224,45154304,23640554,0,0,8
1783757933509,36184064,42359616,45154304,23640554,0,0,8
1783757934515,36184064,42391736,45154304,23640594,0,0,8
1783757935518,36188160,42420624,45154304,23640594,0,0,8
1783757936524,36192256,42453096,45154304,23640634,0,0,8
1783757937547,36192256,42484512,45154304,23640634,0,0,8
1783757938549,36274176,41826864,45154304,23634705,0,0,8
1783757939562,36274176,41899384,45154304,23635830,0,0,8
1783757940572,33456128,41893432,45154304,23643116,0,0,8
1783757941584,33456128,41925000,45154304,23643116,0,0,8
1783757942596,33456128,41958888,45154304,23643156,0,0,8
1783757943597,33460224,41990720,45154304,23643156,0,0,8
1783757944611,33460224,42027496,45154304,23643196,0,0,8
1783757945624,33460224,42060056,45154304,23643196,0,0,8
1783757946636,33460224,42094776,45154304,23643236,0,0,8
1783757947636,33460224,42127344,45154304,23643236,0,0,8
1783757948651,33464320,42283200,45154304,23654867,0,0,8
1783757949662,30867456,42314936,45154304,23654867,0,0,8
1783757950668,30867456,42478704,45154304,23658306,0,0,8
1783757951679,30871552,42510552,45154304,23658306,0,0,8
1783757952692,30875648,42544392,45154304,23658346,0,0,8
1783757953703,30912512,41826816,45154304,23658346,0,0,8
1783757954704,30932992,41859400,45154304,23649980,0,0,8
1783757955715,30941184,41891936,45154304,23649980,0,0,8
1783757956728,30969856,41924920,45154304,23650020,0,0,8
1783757957732,30998528,41957616,45154304,23650020,0,0,8
1783757958734,31019008,42111872,45154304,23661651,0,0,8
1783757959740,31019008,42143440,45154304,23661651,0,0,8
1783757960748,31019008,42305680,45154304,23665090,0,0,8
1783757961751,31019008,42337224,45154304,23665090,0,0,8
1783757962751,31019008,42370984,45154304,23673322,0,0,8
1783757963765,29761536,42402296,45154304,23673322,0,0,8
1783757964775,31518720,42462072,45154304,23673368,0,0,8
1783757965775,31522816,42494104,45154304,23673368,0,0,8
1783757966782,31522816,42527392,45154304,23673408,0,0,8
1783757967783,31526912,42559128,45154304,23673408,0,0,8
1783757968788,31592448,41977160,45154304,23661537,0,0,8
1783757969794,31596544,42010816,45154304,23661537,0,0,8
1783757970802,32432128,42441792,45154304,23673670,0,0,8
1783757971813,32436224,42473528,45154304,23673670,0,0,8
1783757972824,32444416,42506560,45154304,23673710,0,0,8
1783757973836,32444416,42539168,45154304,23673710,0,0,8
1783757974836,32444416,42572072,45154304,23673750,0,0,8
1783757975848,32530432,41850728,45154304,23673750,0,0,8
1783757976861,32575488,41885536,45154304,23658178,0,0,8
1783757977874,32575488,41917216,45154304,23658178,0,0,8
1783757978889,32579584,42070968,45154304,23661617,0,0,8
1783757979903,32583680,42102704,45154304,23661617,0,0,8
1783757980916,32591872,42266712,45154304,23673248,0,0,8
1783757981928,32591872,42298704,45154304,23673248,0,0,8
1783757982929,32591872,42331552,45154304,23673288,0,0,8
1783757983940,32591872,42363952,45154304,23673288,0,0,8
1783757984952,32591872,42397296,45154304,23673328,0,0,8
1783757985961,32591872,42429528,45154304,23673328,0,0,8
1783757986971,32591872,42462488,45154304,23673368,0,0,8
1783757987985,32591872,42494392,45154304,23673368,0,0,8
1783757988999,32628736,41866432,46202880,23684999,0,0,8
1783757990014,32632832,41898168,46202880,23684999,0,0,8
1783757991027,32636928,42060600,46202880,23677961,0,0,8
1783757992028,32636928,42091944,46202880,23677961,0,0,8
1783757993043,32636928,42124584,46202880,23678001,0,0,8
1783757994056,32636928,42157056,46202880,23678001,0,0,8
1783757995062,32636928,42191576,46202880,23678041,0,0,8
1783757996067,32636928,42220824,46202880,23678041,0,0,8
1783757997073,32079872,42261832,46202880,23678081,0,0,8
1783757998083,32083968,42293128,46202880,23678081,0,0,8
1783757999094,32088064,42445696,46202880,23689712,0,0,8
1783758000103,33013760,42053400,45154304,23674765,0,0,8
1783758001106,33026048,42439352,45154304,23687871,0,0,8
1783758002108,33034240,42471280,45154304,23687871,0,0,8
1783758003123,33034240,42504208,45154304,23687911,0,0,8
1783758004167,33034240,42535760,45154304,23687911,0,0,8
1783758005180,33034240,42568776,45154304,23687951,0,0,8
1783758006193,33034240,42600432,45154304,23687951,0,0,8
1783758007207,33132544,41882104,45154304,23687991,0,0,8
1783758008220,33132544,41915960,45154304,23687991,0,0,8
1783758009226,33148928,42069792,45154304,23694345,0,0,8
1783758010234,33148928,42112272,45154304,23694345,0,0,8
1783758011239,33148928,42263280,45154304,23697784,0,0,8
1783758012279,33148928,42294648,45154304,23697784,0,0,8
1783758013283,33148928,42327856,45154304,23697824,0,0,8
1783758014294,33148928,42359328,45154304,23697824,0,0,8
1783758015308,33153024,42392064,45154304,23697864,0,0,8
1783758016310,33153024,42425696,45154304,23697864,0,0,8
1783758017322,33681408,42458328,45154304,23697904,0,0,8
1783758018331,33681408,42489840,45154304,23697904,0,0,8
1783758019339,34086912,42648384,45154304,23709535,0,0,8
1783758020348,34164736,42056256,45154304,23701372,0,0,8
1783758021363,34238464,42135768,45154304,23702537,0,0,8
1783758022375,34238464,42168936,45154304,23702537,0,0,8
1783758023386,34238464,42201456,45154304,23702577,0,0,8
1783758024399,34238464,42233800,45154304,23702577,0,0,8
1783758025410,34238464,42266152,45154304,23702617,0,0,8
1783758026424,34242560,42297888,45154304,23702617,0,0,8
1783758027438,34242560,42330648,45154304,23702657,0,0,8
1783758028448,34242560,42362280,45154304,23702657,0,0,8
1783758029461,34320384,42519928,45154304,23714288,0,0,8
1783758030476,34033664,42187320,45154304,23717093,0,0,8
1783758031486,34037760,42295544,45154304,23719407,0,0,8
1783758032496,34041856,42328496,45154304,23719447,0,0,8
1783758033511,34041856,42359792,45154304,23719447,0,0,8
1783758034519,32227328,42389712,45154304,23719487,0,0,8
1783758035532,32227328,42422080,45154304,23719487,0,0,8
1783758036546,32231424,42454816,45154304,23719527,0,0,8
1783758037560,32272384,42490160,45154304,23719527,0,0,8
1783758038676,32288768,42561712,45154304,23720692,0,0,8
1783758039680,32272384,42686312,45154304,23722966,0,0,8
1783758040683,32276480,42761392,45154304,23732323,0,0,8
1783758041694,32428032,42124520,45154304,23725948,0,0,8
1783758042709,32428032,42157088,45154304,23725988,0,0,8
1783758043721,32428032,42188024,45154304,23725988,0,0,8
1783758044736,32428032,42221824,45154304,23726028,0,0,8
1783758045735,32432128,42253040,45154304,23726028,0,0,8
1783758046738,32432128,42286440,45154304,23726068,0,0,8
1783758047748,32432128,42319464,45154304,23726068,0,0,8
1783758048758,32440320,42470496,45154304,23729507,0,0,8
1783758049772,32440320,42503040,45154304,23737699,0,0,8
1783758050783,32448512,42620512,45154304,23740013,0,0,8
1783758051794,32448512,42694192,45154304,23741138,0,0,8
1783758052806,32456704,42727608,45154304,23741178,0,0,8
1783758053819,32460800,42758952,45154304,23741178,0,0,8
1783758054833,32542720,42044464,45154304,23723714,0,0,8
1783758055843,32542720,42075760,45154304,23723714,0,0,8
1783758056852,32546816,42108496,45154304,23723754,0,0,8
1783758057860,32546816,42140480,45154304,23723754,0,0,8
1783758058874,32563200,42292384,45154304,23735385,0,0,8
1783758059886,32563200,42324920,45154304,23735385,0,0,8
1783758060895,33058816,42261088,45154304,23742858,0,0,8
1783758061910,33062912,42326368,45154304,23743983,0,0,8
1783758062923,33067008,42360008,45154304,23744023,0,0,8
1783758063935,33067008,42391472,45154304,23744023,0,0,8
1783758064949,33067008,42425016,45154304,23744063,0,0,8
1783758065960,33067008,42456504,45154304,23744063,0,0,8
1783758066962,33067008,42489296,45154304,23744103,0,0,8
1783758067975,33067008,42521256,45154304,23744103,0,0,8
1783758068987,33067008,42674520,45154304,23747542,0,0,8
1783758069992,33067008,42706872,45154304,23755734,0,0,8
1783758070994,33148928,42099680,45154304,23749375,0,0,8
1783758072004,33148928,42131576,45154304,23749375,0,0,8
1783758073006,33148928,42164952,45154304,23749415,0,0,8
1783758074022,33153024,42196392,45154304,23749415,0,0,8
1783758075029,33153024,42231712,45154304,23749455,0,0,8
1783758076041,33153024,42263160,45154304,23749455,0,0,8
1783758077053,33153024,42295568,45154304,23749495,0,0,8
1783758078058,33153024,42327912,45154304,23749495,0,0,8
1783758079063,33226752,42479824,45154304,23761126,0,0,8
1783758080062,33226752,42511768,45154304,23761126,0,0,8
1783758081065,33239040,42672784,45154304,23764565,0,0,8
1783758082064,33247232,42704024,45154304,23764565,0,0,8
1783758083071,33251328,42737312,45154304,23764605,0,0,8
1783758084087,33251328,42768832,45154304,23764605,0,0,8
1783758085090,33251328,42803000,45154304,23764645,0,0,8
1783758086099,33337344,42091456,45154304,23764645,0,0,8
1783758087113,33337344,42124216,45154304,23748290,0,0,8
1783758088124,33337344,42156512,45154304,23748290,0,0,8
1783758089138,33337344,42307960,45154304,23759921,0,0,8
1783758090150,33828864,42607888,45154304,23760423,0,0,8
1783758091161,33832960,42768448,45154304,23772054,0,0,8
1783758092175,33832960,42801616,45154304,23772054,0,0,8
1783758093185,33931264,42086504,45154304,23772094,0,0,8
1783758094197,33931264,42118488,45154304,23772094,0,0,8
1783758095210,33009664,42152584,45154304,23764674,0,0,8
1783758096218,33013760,42184952,45154304,23764674,0,0,8
1783758097222,33013760,42218984,45154304,23764714,0,0,8
1783758098228,33013760,42253008,45154304,23764714,0,0,8
1783758099243,31305728,42403944,45154304,23768153,0,0,8
1783758100248,31309824,42434288,45154304,23768153,0,0,8
1783758101257,29462528,42595072,45154304,23779784,0,0,8
1783758102264,29466624,42626968,45154304,23779784,0,0,8
1783758103274,29470720,42660424,45154304,23779824,0,0,8
1783758104285,29474816,42691720,45154304,23779824,0,0,8
1783758105296,29474816,42724648,45154304,23779864,0,0,8
1783758106302,29474816,42758504,45154304,23779864,0,0,8
1783758107312,29474816,42791064,45154304,23779904,0,0,8
1783758108318,29474816,42823656,45154304,23779904,0,0,8
1783758109322,29548544,42186992,45154304,23775140,0,0,8
1783758110335,29556736,42218456,45154304,23775140,0,0,8
1783758111349,29560832,42348096,45154304,23785646,0,0,8
1783758112359,29564928,42411504,45154304,23786771,0,0,8
1783758113359,29573120,42444872,45154304,23786811,0,0,8
1783758114372,29585408,42476552,45154304,23786811,0,0,8
1783758115383,29593600,42509432,45154304,23786851,0,0,8
1783758116393,29593600,42543408,45154304,23786851,0,0,8
1783758117407,29593600,42576144,45154304,23786891,0,0,8
1783758118418,29593600,42608384,45154304,23786891,0,0,8
1783758119432,29593600,42759392,45154304,23790330,0,0,8
1783758120440,31674368,42534944,45416448,23782736,0,0,8
1783758121441,31674368,42663656,45416448,23793242,0,0,8
1783758122456,31678464,42726648,45416448,23794367,0,0,8
1783758123465,30359552,42761768,45416448,23794407,0,0,8
1783758124476,30359552,42790856,45416448,23794407,0,0,8
1783758125489,30359552,42823688,45416448,23794447,0,0,8
1783758126494,30359552,42857536,45416448,23794447,0,0,8
1783758127506,29474816,42139184,45416448,23794487,0,0,8
1783758128520,29474816,42171336,45416448,23794487,0,0,8
1783758129532,29478912,42322528,45416448,23792649,0,0,8
1783758130544,29483008,42354352,45416448,23792649,0,0,8
1783758131556,29691904,42517536,45416448,23804280,0,0,8
1783758132560,29696000,42549216,45416448,23804280,0,0,8
1783758133574,29696000,42582504,45416448,23804320,0,0,8
1783758134588,29696000,42613888,45416448,23804320,0,0,8
1783758135600,29700096,42649408,45416448,23804360,0,0,8
1783758136601,29700096,42680872,45416448,23804360,0,0,8
1783758137602,29704192,42714248,45416448,23804400,0,0,8
1783758138603,29704192,42784672,45416448,23805525,0,0,8
1783758139613,29761536,42896872,45416448,23807839,0,0,8
1783758140618,29933568,42224112,45416448,23816031,0,0,8
1783758141631,29933568,42385672,45416448,23809033,0,0,8
1783758142642,34852864,42644976,45416448,23810897,0,0,8
1783758143654,34856960,42677752,45416448,23810937,0,0,8
1783758144658,34856960,42710968,45416448,23810937,0,0,8
1783758145667,34861056,42744512,45416448,23810977,0,0,8
1783758146670,34861056,42775976,45416448,23810977,0,0,8
1783758147679,34861056,42809400,45416448,23811017,0,0,8
1783758148721,38457344,42634032,45416448,23815251,0,0,8
1783758149733,39219200,42840904,46465024,23823091,0,0,8
1783758150748,40062976,43146088,46465024,23831785,0,0,8
1783758151761,39219200,42665056,45678592,23832491,0,0,8
1783758152769,39223296,42697568,45678592,23832491,0,0,8
1783758153780,39223296,42730112,45678592,23832531,0,0,8
1783758154789,39223296,42763080,45678592,23832531,0,0,8
1783758155800,39223296,42801128,45678592,23832571,0,0,8
1783758156810,39223296,42833912,45678592,23832571,0,0,8
1783758157819,39223296,42867312,45678592,23832611,0,0,8
1783758158826,39227392,43017648,45678592,23844202,0,0,8
1783758159839,39227392,43050400,45678592,23844242,0,0,8
1783758160843,39227392,43082304,45678592,23844242,0,0,8
1783758161845,39227392,43244272,45678592,23847681,0,0,8
1783758162859,39227392,43276792,45678592,23855873,0,0,8
1783758163870,39227392,43309288,45678592,23855913,0,0,8
1783758164878,38928384,43340776,45678592,23855913,0,0,8
1783758165878,39034880,42634640,45678592,23855953,0,0,8
1783758166884,39034880,42666104,45678592,23855953,0,0,8
1783758167895,38674432,42713600,45678592,23846608,0,0,8
1783758168901,38682624,42864184,45678592,23850007,0,0,8
1783758169909,38047744,42898456,45678592,23850047,0,0,8
1783758170916,38051840,42930992,45678592,23850047,0,0,8
1783758171917,38055936,43059368,45678592,23852361,0,0,8
1783758172922,38055936,43123568,45678592,23861678,0,0,8
1783758173929,38060032,43156496,45678592,23861718,0,0,8
1783758174931,38060032,43188128,45678592,23861718,0,0,8
1783758175943,38060032,43221584,45678592,23861758,0,0,8
1783758176951,38060032,43254968,45678592,23861758,0,0,8
1783758177957,38060032,43288536,45678592,23861798,0,0,8
1783758178963,38137856,42707840,45678592,23855885,0,0,8
1783758179976,38141952,42740792,45678592,23855925,0,0,8
1783758180985,39989248,43376256,45678592,23865867,0,0,8
1783758181997,39112704,42738464,45678592,23864101,0,0,8
1783758183010,39133184,42813232,45678592,23873418,0,0,8
1783758184014,39133184,42847504,45678592,23873458,0,0,8
1783758185024,39133184,42878944,45678592,23873458,0,0,8
1783758186037,39133184,42912552,45678592,23873498,0,0,8
1783758187039,39137280,42943768,45678592,23873498,0,0,8
1783758188046,29519872,42976200,45678592,23873538,0,0,8
1783758189055,31428608,43127680,45678592,23876937,0,0,8
1783758190066,29609984,43160296,45678592,23876977,0,0,8
1783758191067,29614080,43193240,45678592,23876977,0,0,8
1783758192082,29634560,43319440,45678592,23879298,0,0,8
1783758193088,29642752,43393120,45678592,23888615,0,0,8
1783758194097,29642752,43426568,45678592,23888655,0,0,8
1783758195110,29642752,43458224,45678592,23888655,0,0,8
1783758196138,29704192,42732568,45678592,23888695,0,0,8
1783758197143,29704192,42764384,45678592,23888695,0,0,8
1783758198151,29704192,42798848,45678592,23879383,0,0,8
1783758199151,29716480,42949456,45678592,23882822,0,0,8
1783758200165,29716480,42980808,45678592,23882822,0,0,8
1783758201165,29716480,43013072,45678592,23882822,0,0,8
1783758202177,29716480,43130672,45678592,23893328,0,0,8
1783758203179,29720576,43204040,45678592,23894453,0,0,8
1783758204189,29724672,43238528,45678592,23894493,0,0,8
1783758205192,29724672,43269488,45678592,23894493,0,0,8
1783758206255,29724672,43301912,45678592,23894533,0,0,8
1783758207256,29724672,43334504,45678592,23894573,0,0,8
1783758208263,28766208,43368336,45678592,23894573,0,0,8
1783758209264,27906048,42753840,45678592,23887575,0,0,8
1783758210275,28823552,43054624,45678592,23896269,0,0,8
1783758211281,28831744,43085336,45678592,23896309,0,0,8
1783758212293,29413376,43246320,45678592,23899708,0,0,8
